slp:resource_uri;cam:dataFalecimento;cam:dataNascimento;cam:ideCadastro;cam:nomeCivil;cam:nomeParlamentarAtual;sen:CodigoParlamentar;sen:NomeCompletoParlamentar;sen:NomeParlamentar
3ce5b052-eb6e-46d9-b5aa-686a5d2a4d14;;1953-09-17;;VANDA DENIR MILANI NOGUEIRA;;;;
8a4388b1-1f2a-4bd3-b102-71892a714ce9;;1973-10-06;;JESUS SERGIO DE MENEZES;;;;
e613f344-ab38-44e1-9909-bafed34da773;;1972-07-05;;MANUEL MARCOS CARVALHO DE MESQUITA;;;;
7dd7dd24-bb3a-41da-a48f-5005430736f5;;1973-04-09;;CYLMARA FERNANDES DA ROCHA GRIPP;;;;
1ed89ba4-61a4-480f-a800-23e8836ba3f0;;1949-11-17;;FLAVIANO FLAVIO BAPTISTA DE MELO;;;;
f6f88e84-8e7d-4d7f-a7de-14f9b254f4cf;;1960-04-20;;SERGIO DE OLIVEIRA CUNHA;;;;
c8627ffc-de5e-4aab-b0dc-451fa00ed7f3;;1963-06-28;;MARCIO MIGUEL BITTAR;;;;
dbb83282-fdee-4899-9961-d54d7b8dd707;;1964-12-28;;MARIA PERPETUA DE ALMEIDA;;;;
88b25174-e3fd-490a-aec4-435fd36d7968;;1979-11-28;;MARX BELTRAO LIMA SIQUEIRA;;;;
98d6fbe1-2e25-459e-9455-49c76715c859;;1955-09-16;;JOSE RENAN VASCONCELOS CALHEIROS;;;;
26693faf-9ef5-4718-9113-75de1fe9fbe5;;1969-06-25;;ARTHUR CESAR PEREIRA DE LIRA;;;;
5a1f2789-3676-4e98-a01e-1e8409569abd;;1957-07-10;;TEREZA NELMA DA SILVA PORTO VIANA SOARES;;;;
5079136c-070c-43c1-9b1c-a7f70168c216;;1976-10-30;;ISNALDO BULHOES BARROS JUNIOR;;;;
17d76c81-a33e-418b-a0c6-b982f190e56b;;1970-06-02;;SEVERINO DE LIRA PESSOA;;;;
97c7e49e-b610-4fc8-af04-6826b49dae92;;1981-11-05;;RODRIGO SANTOS CUNHA;;;;
cb422a3e-ed25-49f3-a1ec-1e046b41bd24;;1962-01-29;;SERGIO TOLEDO DE ALBUQUERQUE;;;;
53ced865-fccf-4928-864d-a28c4097753d;;1982-05-05;;ALBERTO BARROS CAVALCANTE NETO;;;;
990307eb-9813-48a6-afde-f6cd518c0ddc;;1973-08-29;;MARCELO RAMOS RODRIGUES;;;;
e6ba9797-7ddc-4dca-9b52-b85cc08754db;;1967-08-04;;SIDNEY RICARDO DE OLIVEIRA LEITE;;;;
47ae19f9-482d-4fb7-823e-0381131f5933;;1959-10-10;;JOAO BOSCO GOMES SARAIVA;;;;
6fff2ceb-6b25-41eb-9c25-a1c368657bc6;;1950-11-22;;ATILA SIDNEY LINS DE ALBUQUERQUE;;;;
a2edb30f-b7ff-4f07-831d-8ab7facd5031;;1964-06-23;;JOSE RICARDO WENDLING;;;;
67322aa9-1a84-43fd-810e-892bc1960c70;;1962-12-15;;SILAS CAMARA;;;;
6a3f1b83-1dfe-4b09-b170-82e4a86dda5e;;1955-01-31;;FRANCISCO PLINIO VALERIO TOMAZ;;;;
770f2368-b764-40f8-ac77-38f18431b1c0;;1960-06-12;;CARLOS EDUARDO DE SOUZA BRAGA;;;;
2fc4cfe1-489f-447f-accd-3ef9da3ea4ff;;1976-07-26;;PABLO OLIVA SOUZA;;;;
779c7776-da60-4cbf-9b1d-272e771fd9b1;;1983-09-28;;ACACIO DA SILVA FAVACHO NETO;;;;
57746657-8855-4df5-803c-f4e9f6f00d41;;1972-05-23;;CARLOS CAMILO GOES CAPIBERIBE;;;;
5d1d2d70-fce5-486e-8d0c-6a988f53dbf1;;1979-08-16;;LUIZ CARLOS GOMES DOS SANTOS JUNIOR;;;;
b1eff15f-cb51-45fc-86a4-6e6bc2a349bc;;1966-11-06;;LEDA MARIA SADALA BRITO;;;;
3c1e89b1-3984-4fca-914d-233b9664b398;;1980-11-25;;ALINE PARANHOS VARONIL GURGEL;;;;
42ff9f04-b2fc-4eb2-8cc9-24f87afdf466;;1972-06-11;;RANDOLPH FREDERICH RODRIGUES ALVES;;;;
74288c12-08eb-459c-a189-089f2eaf265a;;1964-10-11;;LUIZ CANTUARIA BARRETO;;;;
c9fd0bb5-917b-407a-ad23-3ae59b55b39a;;1976-10-28;;LEUR ANTONIO DE BRITTO LOMANTO JUNIOR;;;;
a21ec271-8e2c-48a0-9ce7-80a75f153eb2;;1962-07-28;;MANOEL ISIDORIO DE SANTANA JUNIOR;;;;
abb79ef8-7388-47d2-83e0-8281a1107a87;;1964-03-30;;JOSE CERQUEIRA DE SANTANA NETO;;;;
e4b918c1-efb4-4eaa-8c54-b8f21c8adc3e;;1972-11-17;;JOAO INACIO RIBEIRO ROMA NETO;;;;
bb091cb5-6824-4f24-b9ef-54c4998bb7cb;;1955-04-26;;JOSE MARCELO DO NASCIMENTO NILO;;;;
75717bc5-3b82-4efd-abf6-e2ca605a2cda;;1961-08-06;;SERGIO LUIS LACERDA BRITO;;;;
8dc75759-d5c8-4df3-b988-f739947ad763;;1981-02-02;;ADOLFO VIANA DE CASTRO NETO;;;;
5de1bacd-c9ce-4ec9-a3c6-747f3c85c5c1;;1964-12-17;;VALMIR CARLOS DA ASSUNCAO;;;;
9cff8283-7cd3-4e61-9146-1b4003b38375;;1970-12-12;;MARCIO CARLOS MARINHO;;;;
23df16db-5cce-4137-8187-3ae99a0803a6;;1956-12-03;;LIDICE DA MATA E SOUZA;;;;
c967c45c-f0af-4c13-a1d8-ddfc8abf8813;;1950-12-18;;JOSE NUNES SOARES;;;;
d27502ce-43ee-4d23-bf8b-bc209db460d0;;1961-09-03;;RAIMUNDO MAGALHAES COSTA;;;;
90279218-92d4-4120-8c4c-b28caa351946;;1972-08-10;;JOAO CARLOS PAOLILO BACELAR FILHO;;;;
88f26af1-02d2-4578-98be-ea2c7ca15c6f;;1977-07-07;;OTTO ROBERTO MENDONCA DE ALENCAR FILHO;;;;
39130725-f1cc-40ad-b7c9-e14b101b9d2c;;1972-06-22;;ALEX MARCO SANTANA SOUSA;;;;
5b75e5aa-5e34-434c-8c2a-2bec21e1f921;;1948-08-18;;JOSE ALVES ROCHA;;;;
ccc6b1b3-bab9-49e5-8164-2c263743eef8;;1965-02-13;;JOSE ABILIO SILVA DE SANTANA;;;;
6b35e172-9a43-4558-9b6a-6e7276f0bb5d;;1963-01-12;;CLAUDIO CAJADO SAMPAIO;;;;
83ac0a1b-1d40-4675-8d37-cfadf4fe71d1;;1984-11-29;;ANDERSON MACHADO DE JESUS;;;;
9c47926c-a7dd-41d7-b55b-706b3301f69f;;1958-03-05;;ANGELO MARIO CORONEL DE AZEVEDO MARTINS;;;;
49f8d9a8-1aa9-41b3-b83e-74d3bfd13141;;1976-11-17;;CARLOS TITO MARQUES CORDEIRO;;;;
86816858-2dcd-406a-becf-31256a0c1925;;1979-03-11;;CARLOS FELIPE VAZQUEZ DE SOUZA LEAO;;;;
c26dcaf0-20b9-4aa3-a06a-652b0eab8c0d;;1951-03-16;;JAQUES WAGNER;;;;
3a151134-10c8-430e-a8a7-47986552c0df;;1963-11-29;;FELIX DE ALMEIDA MENDONCA JUNIOR;;;;
3c5b2b3c-623c-4707-adc6-45992ba4883a;;1986-01-30;;DAYANE JAMILLE CARNEIRO DOS SANTOS PIMENTEL;;;;
47e0d29b-9219-4700-8c30-931ee26ff805;;1957-03-06;;JOSE LEONIDAS DE MENEZES CRISTINO;;;;
a64ac4a9-0b68-4db5-afc1-0855d5f37816;;1972-09-25;;LUIS EDUARDO GRANGEIRO GIRAO;;;;
c490d1c6-b88c-486f-991f-8d95e3e4650f;;1980-03-17;;DENIS ANDERSON DA ROCHA BEZERRA;;;;
29211ea5-9a74-4d7d-8333-04012bb566fd;;1959-02-13;;JOSE NOBRE GUIMARAES;;;;
f60cea8c-0c92-45ca-91a0-83589245c7c9;;1983-09-26;;ANTONIO JOSE AGUIAR ALBUQUERQUE;;;;
92b574dd-bf91-4562-bdb8-826b73ea4d3f;;1966-10-11;;ANDRE PEIXOTO FIGUEIREDO LIMA;;;;
fe0b09a3-a0d0-4b83-a5cd-5f111453a993;;1959-09-03;;CARLOS MAURO BENEVIDES FILHO;;;;
22ff265e-a40e-4313-883b-336fc983f306;;1957-02-21;;JOSE AIRTON FELIX CIRILO DA SILVA;;;;
078da386-a2c4-4f18-aa09-b04371b49b66;;1981-11-14;;EDUARDO HENRIQUE MAIA BISMARCK;;;;
5bf8b608-97d3-45b3-8bb0-68581b6e5b2c;;1963-04-27;;CID FERREIRA GOMES;;;;
ff66cead-27dc-4399-afb1-91d340df44bc;;1968-09-23;;ANTONIO IDILVAN DE LIMA ALENCAR;;;;
c3d18e07-51ec-4535-911a-d37ccf2e2bd0;;1961-03-05;;JAZIEL PEREIRA DE SOUSA;;;;
da76396f-9367-4cee-9ffd-05a9ba432044;;1985-04-16;;ANTONIO LUIZ RODRIGUES MANO JUNIOR;;;;
a9112866-fe3e-4443-bf2d-07ecf88370bc;;1980-11-10;;PEDRO AUGUSTO GEROMEL BEZERRA DE MENEZES;;;;
ad1de9c2-7859-4226-9e62-a4422bc706f6;;1970-02-15;;MARCOS ROBERIO RIBEIRO MONTEIRO;;;;
272b71ff-2a2e-4af6-bef9-7c50c8f44c9a;;1981-08-10;;HEITOR RODRIGO PEREIRA FREIRE;;;;
1e0c74c7-94c0-4a0a-9878-0e4e01f0d51a;;1987-06-19;;CELIO STUDART BARBOSA;;;;
08d512ef-af94-47ba-a0dd-b0da517ebfd3;;1979-01-21;;WAGNER SOUSA GOMES;;;;
c4b59e9d-2761-4560-baec-28d1eb1ab79c;;1943-05-21;;ROBERTO SOARES PESSOA;;;;
8bf187c4-f5a8-429a-9ad7-6380f95861ca;;1977-02-03;;CELINA LEAO HIZIM;;;;
6dacb30d-ca3d-4e29-ae82-3557be0f05c7;;1980-01-21;;FLAVIA CAROLINA PERES;;;;
cdec4d84-4615-40d2-bfc1-bad3266b21b4;;1957-08-15;;ERIKA JUCA KOKAY;;;;
0046bebf-34a4-40c4-bfcd-ffdeb7ee1d4c;;1980-03-27;;LUIS CLAUDIO FERNANDES MIRANDA;;;;
fb237a30-ecd4-4644-9b0f-3b2d9ff10164;;1982-02-05;;ISRAEL MATOS BATISTA;;;;
78eb5e71-59c3-41bb-a9ad-8d687737a9b5;;1973-06-23;;PAULA MORENO PARO BELMONTE;;;;
5f34ae0b-01b3-4122-8bab-ea5415034f33;;1961-09-19;;BEATRIZ KICIS TORRENTS DE SORDI;;;;
918efae2-ade7-416e-ba5a-8b158fa0cc81;;1975-02-24;;JULIO CESAR RIBEIRO;;;;
a2e524f4-d717-4ce1-b9eb-d6aed852c7bc;;1971-09-30;;LEILA GOMES DE BARROS REGO;;;;
388854c9-68d0-40a4-a29c-dc3857547b17;;1971-02-06;;JOSIAS MARIO DA VITORIA;;;;
ab964d6a-9a5a-4205-be93-94340a1ca2c7;;1961-10-03;;SORAYA DE SOUZA MANNATO;;;;
3efba093-c91b-4b35-ab22-fa18b1aabb84;;1976-04-12;;AMARO ROCHA NASCIMENTO NETO;;;;
89b8c6f8-8722-47ce-a44e-821470a0ffea;;1966-06-20;;FABIANO CONTARATO;;;;
be4a53df-a8a2-47d1-b6fb-c87b6c61384b;;1971-06-15;;MARCOS RIBEIRO DO VAL;;;;
18c8192e-5a15-4de8-8e31-0a741e215344;;1991-06-13;;FELIPE RIGONI LOPES;;;;
be3470f6-ac5a-4837-b260-e487bb74340c;;1970-02-23;;LAURIETE RODRIGUES DE JESUS MALTA;;;;
504d1cf0-7be1-41c5-8d98-3adb3adbc14e;;1953-05-11;;ZACARIAS CALIL HAMU;;;;
f23434ea-6d8b-46f2-8bbb-c3851f708752;;1966-04-07;;ELIAS VAZ DE ANDRADE;;;;
28cccd56-8cdc-4928-ab3c-f3df62f3850b;;1960-09-19;;JOSE NELTO LAGARES DAS MERCEZ;;;;
f09852a1-35e9-4ac5-8b91-c969c2c1c871;;1977-05-31;;VITOR HUGO DE ARAUJO ALMEIDA;;;;
0d146b1c-ff64-4cb9-a4e3-dc2ec9efbbea;;1962-12-28;;JOAO CAMPOS DE ARAUJO;;;;
2d3fec50-2e0a-461f-9e7c-5f47b607f48f;;1961-08-02;;JOSE MARIO SCHREINER;;;;
140c7f2b-f148-4866-8670-ca9f84c636e6;;1969-03-15;;FRANCISCO RODRIGUES VALE JUNIOR;;;;
d807bf44-ab00-49ca-951a-19fbed563927;;1950-08-10;;ALCIDES RODRIGUES FILHO;;;;
06f05690-31d5-4996-a33d-1acfe5a7097c;;1962-11-15;;VANDERLAN VIEIRA CARDOSO;;;;
b76aea4a-0e45-4c94-8474-f5075697cdc6;;1969-04-26;;FLAVIA CARREIRO ALBUQUERQUE MORAIS;;;;
2ae20965-ef6f-4ffa-bb1f-9ded4ec5f47d;;1973-12-22;;GLAUSKSTON BATISTA RIOS;;;;
5f3bd362-7089-4563-8492-a36e3f821bdb;;1969-06-09;;ADRIANO ANTONIO AVELAR;;;;
c4f14b31-4c6f-4923-b5d4-55693632b5f6;;1961-01-20;;JORGE KAJURU REIS DA COSTA NASSER;;;;
04dabb5b-0c58-48a8-ab42-16735b8e288c;;1953-10-25;;ALCIDES RIBEIRO FILHO;;;;
35fc73e4-3683-4ce1-aaa0-5b7ede46be22;;1979-01-11;;PEDRO LUCAS ANDRADE FERNANDES RIBEIRO;;;;
04ff9632-3e39-4869-803c-8221f4f0faa3;;1973-11-11;;JOAO MARCELO SANTOS SOUZA;;;;
51b3284d-02f5-4c45-83f3-7c85ff8e2378;;1992-04-25;;ANTONIO DA CRUZ FILGUEIRA NETO;;;;
4b56e5d2-285c-4e62-b87b-10723a1d3289;;1976-12-01;;EDUARDO SALIM BRAIDE;;;;
b8be0b26-8b6c-44ba-ab66-fa4a611ecbe8;;1979-10-26;;GILLIANO FRED NASCIMENTO CUTRIM;;;;
9bd69928-3c1b-486c-8d6d-b11b1083719b;;1978-10-18;;JOSE LOURENCO BONFIM JUNIOR;;;;
b7dae6be-0615-4787-810c-4e3fccdb9de1;;1966-11-14;;MARCIO JERRY SARAIVA BARROSO;;;;
96314158-a191-4242-863c-83f0992db458;;1955-05-26;;JOSE CARLOS NUNES JUNIOR;;;;
9bf0cc77-4e34-4e38-bfdc-8bb1196e0cae;;1976-11-13;;JOSIMAR CUNHA RODRIGUES;;;;
d9a03a16-bf41-4c39-b007-f384d6740b1d;;1971-08-11;;GILDENEMIR DE LIMA SOUSA;;;;
f2b78484-3ec9-4f76-a32b-aa816d103bc8;;1968-01-11;;UBIRAJARA DO PINDARE ALMEIDA SOUSA;;;;
da2b4a62-13dc-406f-b983-014e2afc8340;;1981-04-05;;EDILAZIO GOMES DA SILVA JUNIOR;;;;
512b7f94-51da-48bd-835a-5367833d4c14;;1984-08-15;;EUCLYDES MARCOS PETTERSEN NETO;;;;
d27885a6-b552-4aab-838a-eb724ed95f8a;;1976-06-18;;ODAIR JOSE DA CUNHA;;;;
213e0339-8c91-427a-85aa-7c32f7c9e700;;1982-10-04;;IGOR TARCIANO TIMO;;;;
e93d3bea-69b7-4fcb-8e83-7361daea9f8e;;1984-05-05;;ANDRE LUIS GASPAR JANONES;;;;
9a299b28-1f10-4cd4-a23d-cfb59acf0cfe;;1977-03-24;;FREDERICO DE CASTRO ESCALEIRA;;;;
0f30522a-2f3b-4bea-a1af-aa3aadeb751d;;1966-06-08;;GILBERTO APARECIDO ABRAMO;;;;
14607f19-1382-4adb-aebb-6f4068252df1;;1970-01-10;;PAULO JOSE CARLOS GUEDES;;;;
5c2d7868-ebb2-41d2-92b7-6c213ca22302;;1983-11-20;;AUREA CAROLINA DE FREITAS E SILVA;;;;
3dac0d98-9289-40b7-b5a8-4499e48b2a7b;;1986-08-15;;TIAGO LIMA MITRAUD DE CASTRO LEITE;;;;
5be6fec2-ed4d-4f91-b6d6-d957462c2c0c;;1951-09-10;;JOSE LEONARDO COSTA MONTEIRO;;;;
425cfe12-85f7-41ee-9ac1-fdab84b592bf;;1987-06-30;;GERALDO JUNIO DO AMARAL;;;;
add18e54-5bef-4bce-be1b-5d0195fbde91;;1961-12-22;;FABIO AUGUSTO RAMALHO DOS SANTOS;;;;
c82d3637-9610-4928-80c2-a51e42a32959;;1963-11-05;;JOSE SILVA SOARES;;;;
6b230a58-fb93-40ad-a04f-f9631df00062;;1984-12-27;;CHARLLES THOMACELLI EVANGELISTA;;;;
3077a593-99f7-4694-9dd7-5e68476e023f;;1957-03-25;;DOMINGOS SAVIO CAMPOS RESENDE;;;;
2979ffbd-d37c-4602-bfce-2c761a9ac143;;1966-11-18;;JULIO CESAR DELGADO;;;;
ad57a48c-49f3-4ea3-9aa2-1451192173fb;;1950-10-06;;MARIA MARGARIDA MARTINS SALOMAO;;;;
7cfe8aa6-e116-47b8-97ad-33cefae6b560;;1958-11-01;;ROGERIO CORREIA DE MOURA BAPTISTA;;;;
b22463dd-cbaa-441d-a0e3-8eda9a74f738;;1988-12-21;;LUCAS DE VASCONCELOS GONZALEZ;;;;
fbc7051b-ab90-4a3b-93c9-13d5a190cd80;;1960-10-03;;AECIO NEVES DA CUNHA;;;;
5eec4c9d-4f6f-4181-b149-8c8599553718;;1967-10-03;;EMIDIO ALVES MADEIRA JUNIOR;;;;
6a00f30b-bc61-46da-a3be-7b9296f2205f;;1974-04-07;;ALESSANDRA DA SILVA;;;;
2deb5a99-36c6-4531-9e86-95033615daea;;1986-03-11;;FRANCO CARTAFINA GOMES;;;;
e8fb9725-026b-486b-9e25-7b635ffebd0a;;1967-02-28;;JOAO CARLOS SIQUEIRA;;;;
d7bcf408-b9eb-4791-9275-39f297b415f6;;1966-10-17;;LAFAYETTE LUIZ DOORGAL DE ANDRADA;;;;
6b830d42-02a1-4f84-891c-6c0476d727c8;;1981-12-15;;GREYCE DE QUEIROZ ELIAS;;;;
c4cad340-371b-4eb6-8f39-613d178e09ea;;1973-02-04;;REGINALDO LAZARO DE OLIVEIRA LOPES;;;;
de906fad-aa35-46be-ac05-9c5726bdb1bc;;1957-01-05;;VILSON LUIZ DA SILVA;;;;
1b6ba7dd-7584-40da-b650-3d27459487b1;;1977-12-07;;FREDERICO BORGES DA COSTA;;;;
3b30a2b5-7666-4f36-92c0-75ba0137f21b;;1984-01-11;;JOSE VITOR DE RESENDE AGUIAR;;;;
c0a19b37-b014-4d51-af00-d45dd48e3632;;1963-09-14;;HERCILIO ARAUJO DINIZ FILHO;;;;
7924add1-5944-45f6-866d-bf2541e50be7;;1991-05-30;;ANTONIO PINHEIRO NETO;;;;
61e36e58-cb54-4521-bce5-cb0ad28f82d5;;1973-10-26;;ELIEL MARCIO DO CARMO;;;;
28ffccb7-940c-40f4-ae35-e108075f9ff4;;1973-05-23;;DIMAS FABIANO TOLEDO JUNIOR;;;;
4c4e0c13-1471-4946-bd80-9fa7622a2622;;1952-01-26;;PATRUS ANANIAS DE SOUZA;;;;
14d8a290-4b08-4314-bd60-6bdd35ba1474;;1963-03-22;;CARLOS ALBERTO DIAS VIANA;;;;
f189702a-1a65-4c1a-8964-665382d91e6e;;1976-04-03;;MARCELO EDUARDO FREITAS;;;;
476e36ec-a292-4d38-b23c-04565b8f4ecf;;1954-09-30;;MARIO LUCIO HERINGER;;;;
e21b2d7e-f5ee-4c57-bd80-315d98b6f547;;1961-05-09;;NELSON TRAD FILHO;;;;
e88acb8a-57cf-401e-ba6a-65e135473752;;1973-01-06;;SORAYA VIEIRA THRONICKE;;;;
43b9f202-5e34-4200-8069-f4c7019f21a4;;1949-09-25;;LUIZ ALBERTO OVANDO;;;;
150f5f19-7566-453d-8a6d-ac4f9aa749e0;;1978-02-20;;ROSIANE MODESTO DE OLIVEIRA;;;;
875f4d3b-9940-4728-b84a-6e9a24a42a88;;1977-11-14;;HUMBERTO REZENDE PEREIRA;;;;
0df7900f-7c00-4583-81ec-9e9d3e59f87d;;1969-08-18;;FABIO RICARDO TRAD;;;;
b24089ae-1681-4582-9929-9f124b5b330d;;1982-09-21;;LOESTER CARLOS GOMES DE SOUZA;;;;
b7e75ed6-b6cd-4ae7-abde-fae0656dcf1c;;1970-03-19;;JOSE ANTONIO DOS SANTOS MEDEIROS;;;;
33d669fd-7170-4b81-b3b8-fcb6de76c7b3;;1960-02-14;;NELSON NED PREVIDENTE;;;;
18560372-2c69-4bde-9463-43591e3f62f4;;1995-05-01;;EMANUEL PINHEIRO DA SILVA PRIMO;;;;
db7f4206-6fb9-4e87-88d1-cbe4dd124a39;;1963-08-08;;ROSA NEIDE SANDES DE ALMEIDA;;;;
b32b7de7-839e-4655-80d9-8600b624813c;;1968-07-11;;NERI GELLER;;;;
c6d3baac-a263-4830-8a2e-4ef7f7ec1b07;;1963-01-20;;SELMA ROSANE SANTOS ARRUDA;;;;
db187329-cf52-4423-9c54-ed9353709cc5;;1960-01-20;;JUAREZ ALVES DA COSTA;;;;
ab5d932c-b042-4c06-a387-b574fddab32b;;1951-09-13;;JAYME VERISSIMO DE CAMPOS;;;;
be59df8f-225d-46a9-bc7d-79f3cdf60f2a;;1978-06-14;;LEONARDO RIBEIRO ALBUQUERQUE;;;;
ea5543a7-b04e-4bab-9e5c-0a624f889d4a;;1959-03-16;;AIRTON LUIZ FALEIRO;;;;
1e84b5e7-39b4-4993-9d7e-36ff757715a2;;1974-06-01;;PAULO EDUARDO MAESTRI BENGTSON;;;;
8757b442-2fe0-421e-8b16-22414cdc47b0;;1970-10-04;;CRISTIANO DUTRA VALE;;;;
cd286017-e4e4-4fb5-b9b3-8a3e9f944abf;;1981-12-09;;CASSIO COELHO ANDRADE;;;;
e1705875-d550-4fcb-a8a6-0d3a759967b2;;1959-09-18;;JOSE DA CRUZ MARINHO;;;;
d8ca29e2-2916-4642-a832-c8f8f74c01ac;;1982-09-01;;OLIVAL HENRIQUE MARQUES DE SOUZA;;;;
a470e055-65dd-47d8-a0fa-d1ae0b612a8d;;1944-10-27;;JADER FONTENELLE BARBALHO;;;;
86e16ffb-c65d-491d-a9d3-29dc7a643b35;;1978-08-29;;CELSO SABINO DE OLIVEIRA;;;;
8a3397e5-abca-49fc-830f-4d6e3600b53c;;1967-07-13;;JOAO FERRARI JUNIOR;;;;
ac3063a0-fbe6-4e58-9102-a39b491e13b7;;1969-06-20;;JOSE ROBERTO OLIVEIRA FARO;;;;
d93c5ed2-cb4b-4010-97e0-e12a0880809c;;1963-02-12;;JOSE BENITO PRIANTE JUNIOR;;;;
d391b143-e1ad-4f4c-a2ef-b6f574c140f8;;1982-03-06;;WAGNER BACH MARTINS;;;;
1b839891-1044-4083-8c06-cb43e4cf86dd;;1968-02-16;;JOSE EDUARDO PEREIRA DA COSTA;;;;
d512933b-b3a0-4ba2-a4b7-23756e083ca0;;1959-05-19;;JOSE WELLINGTON ROBERTO;;;;
bdf97fa3-827e-4aa1-89a8-b724ca10fe5c;;1972-03-26;;DANIELLA VELLOSO BORGES RIBEIRO;;;;
0f03e732-7655-4c8b-bb40-8ec8c00eefaa;;1957-10-06;;JOSE WILSON SANTIAGO;;;;
853a0933-d8d8-4c9b-a3b6-3caea3975574;;1975-04-14;;GERVASIO AGRIPINO MAIA;;;;
37a4006c-5bb6-4adc-8127-74407f734789;;1976-05-01;;GULLIEM CHARLES BEZERRA LEMOS;;;;
a1dee7e2-95c8-473d-8790-1fb8a27bcfe2;;1970-08-17;;RUY MANUEL CARNEIRO BARBOSA DE ACA BELCHIOR;;;;
132ab209-da5f-43e0-a5c4-22708f5c3a4f;;1944-03-03;;ANTONIO RIBEIRO;;;;
e304a8fd-a83e-4e63-96d0-ab67e80fcc85;;1970-07-17;;VENEZIANO VITAL DO REGO SEGUNDO NETO;;;;
c4507643-253e-4671-9471-84e06e52e8c9;;1952-04-28;;DAMIAO FELICIANO DA SILVA;;;;
f47a822a-302c-4325-94cd-8d93bb7af927;;1979-03-18;;EFRAIM DE ARAUJO MORAIS FILHO;;;;
9689d0d2-d41a-4763-b733-c4d25e6ffa77;;1958-04-09;;EDNACE ALVES SILVESTRE HENRIQUE;;;;
22079fcd-7f4d-4ddc-99d1-f3063eac7a11;;1989-11-09;;HUGO MOTTA WANDERLEY DA NOBREGA;;;;
c0c8e60a-4631-4e01-a744-a250b4943a12;;1983-11-17;;FERNANDO RODOLFO TENORIO DE VASCONCELOS;;;;
0699ad26-4a4c-4492-a5fe-fbc2f4120c75;;1982-05-03;;SILVIO SERAFIM COSTA FILHO;;;;
a0e5e88f-ea6b-44bb-840f-eb3cbbe23613;;1957-07-07;;HUMBERTO SERGIO COSTA LIMA;;;;
8b00083f-5ba5-4448-9a7e-38afc36bbe98;;1944-11-29;;LUCIANO CALDAS BIVAR;;;;
0741b7b4-f505-4ba7-b8da-76d76800ee62;;1987-12-11;;TULIO GADELHA SALES DE MELO;;;;
71db14f8-fb6c-444b-a0b9-160ebe75ff64;;1984-12-04;;MARILIA VALENCA ROCHA ARRAES DE ALENCAR;;;;
3a108dc5-eb8a-4124-9803-26a54ec91859;;1961-07-22;;ANDRE CARLOS ALVES DE PAULA FILHO;;;;
62d0795e-99b4-47d7-8f56-62c3cd919ae6;;1964-06-06;;RAUL JEAN LOUIS HENRY JUNIOR;;;;
73a27927-7641-4da9-9aab-6994396ecc67;;1972-10-12;;ANDRE FERREIRA RODRIGUES;;;;
ff7e2440-ffad-40c4-b05e-91a9f95502e5;;1954-09-12;;OSSESIO JOSE DA SILVA;;;;
a02425c2-e0d1-4765-972b-0fdedfdb0b55;;1993-11-26;;JOAO HENRIQUE DE ANDRADE LIMA CAMPOS;;;;
ee5eb56a-3c0b-4b3c-aedd-53bdb8c953b7;;1942-08-23;;JARBAS DE ANDRADE VASCONCELOS;;;;
26a18163-9c4a-488e-969b-5f31cd89539b;;1981-10-08;;JOSE CARLOS VERAS DOS SANTOS;;;;
8f1c1847-82c9-44e1-b8d0-ab953ff21485;;1959-04-20;;RENILDO VASCONCELOS CALHEIROS;;;;
539c1002-b546-4e56-b034-4d850029bcc1;;1991-09-19;;MARCOS AURELIO PADUA RIBEIRO GONCALVES DE SAMPAIO;;;;
4ec7e3cd-dba7-4e53-9a7a-c0ba71dddfc8;;1948-08-25;;JULIO CESAR DE CARVALHO LIMA;;;;
5e9420cb-3956-41f8-8dcb-dbdc7bed6061;;1953-02-27;;FLAVIO RODRIGUES NOGUEIRA;;;;
af93cbd8-c5ed-48ee-ab00-94069dc4fa2c;;1961-12-03;;MARGARETE DE CASTRO COELHO;;;;
8f743e5e-4aed-47c5-8ced-e696610c9627;;1980-09-13;;MARINA SANTOS BATISTA DIAS;;;;
d739b728-bdd6-434b-8b82-7614a4721f23;;1947-07-04;;ATILA FREITAS LIRA;;;;
3e37eefa-44fb-4c5e-82be-5f9675ed7a5d;;1968-11-21;;CIRO NOGUEIRA LIMA FILHO;;;;
6d9c768b-55ce-44cd-9dc5-9fbdde59aded;;1961-09-09;;FRANCISCO DE ASSIS CARVALHO GONCALVES;;;;
f5dfa8bc-030b-4b0f-b9cf-4edd4e264fe8;;1991-02-10;;LUIS FELIPE BONATTO FRANCISCHINI;;;;
3a3aae7a-bb11-4909-a13e-fc60df9d7d13;;1978-06-21;;JOSE CARLOS BECKER DE OLIVEIRA E SILVA;;;;
d4002ab5-6371-47fd-a20f-81d12c27e11b;;1971-07-08;;EMERSON MIGUEL PETRIV;;;;
28152912-0526-4fcb-9097-7374cbe530a3;;1979-07-26;;ALINE SLEUTJES;;;;
19ee2893-0de5-4e97-8dba-1671f63e0ae7;;1962-06-06;;LUIZ GOULARTE ALVES;;;;
43b310f8-25f1-474d-bffa-d8cced7bb457;;1973-10-26;;NEY LEPREVOST NETO;;;;
7ad6a8f2-c912-46f7-bd2e-09ae42aa64c9;;1950-09-11;;FLAVIO JOSE ARNS;;;;
809765ff-4400-4739-aa69-33d5f4d2f80c;;1983-04-06;;PEDRO DEBONI LUPION MELLO;;;;
34fe09b8-677b-478d-b52b-6cf46ef5ba76;;1945-12-08;;ORIOVISTO GUIMARAES;;;;
446a55f0-fb7c-4333-bac0-80296ccdeab7;;1954-12-09;;JOSE CARLOS SCHIAVINATO;;;;
98d50178-c87f-4fe5-b7d6-5917143314c3;;1991-05-29;;FILIPE BARROS BAPTISTA DE TOLEDO RIBEIRO;;;;
0ce0a414-cafe-4149-a9f1-96ed569dbb70;;1959-01-03;;NELSI COGUETTO MARIA;;;;
4433832f-3496-443b-b749-58731ad6bc1c;;1970-12-17;;FERNANDO LUCIO GIACOBO;;;;
36ff5573-84ee-4ede-9b5f-d4ebbd682f6c;;1961-03-07;;JOSE AROLDO SOUZA MARTINS;;;;
e02dfcc4-405f-443b-9116-1760b6659468;;1965-06-09;;GLEISI HELENA HOFFMANN;;;;
760eb9e3-fa0c-40c8-be9b-e68dd6d48b27;;1996-11-04;;LUISA DOS SANTOS SILVEIRA;;;;
638eba91-0fdc-4eb1-b3bb-5efa5aaa66d8;;1959-11-15;;RICARDO JOSE MAGALHAES BARROS;;;;
088dedca-d9e4-4ab7-8936-6e427841402e;;1963-06-11;;GILSON CARDOSO FAHUR;;;;
80419dc4-55e5-4fb0-ace0-0e4ec996ac3d;;1961-03-27;;ENIO JOSE VERRI;;;;
cde38e15-f156-4ca9-8f2a-5ebce278569e;;1963-04-18;;GUSTAVO BONATO FRUET;;;;
4faa395b-b389-47e7-abdc-978b7cd91b96;;1982-11-25;;DANIEL LUCIO DA SILVEIRA;;;;
bfff39ca-a34b-472f-97cd-071aae789218;;1974-02-27;;MARCIO DA SILVEIRA LABRE;;;;
affe111f-e141-4277-9c76-1b0b341d546f;;1962-02-22;;JOAO FRANCISCO INACIO BRAZAO;;;;
ee86f02d-ad58-4a2e-a180-9e23833d84e0;;1968-09-13;;ALTINEU CORTES FREITAS COUTINHO;;;;
fb1534d7-836c-46df-a732-f8f16f996ffb;;1982-07-07;;MARCELO CALERO FARIA GARCIA;;;;
9ad1e2c7-ccdd-4ffa-8ce8-32b65fd3e635;;1976-10-23;;ROGERIO TEIXEIRA JUNIOR;;;;
280b070d-a704-4815-8a53-94aab9548cd4;;1953-11-02;;FRANCISCO JOSE D ANGELO PINTO;;;;
a3310dfe-70e4-4a83-8c74-37059ea55082;;1940-12-27;;LUIZ ANTONIO DA COSTA CARVALHO CORREA DA SILVA;;;;
da125725-f293-43dc-9e82-19e891082eea;;1972-06-01;;ANTONIO DA LUZ FURTADO;;;;
a09bb53d-b367-47ed-8232-2fd3220aba9b;;1982-02-07;;CLARISSA GAROTINHO BARROS ASSED MATHEUS DE OLIVEIRA;;;;
d7d0731e-c7c0-4fcf-beae-21d086de5ebe;;1961-05-02;;FLORDELIS DOS SANTOS DE SOUZA;;;;
b7d21540-70a1-4a21-9a9d-cd2b809d3449;;1973-12-15;;LUIZ ANTONIO DE SOUZA TEIXEIRA JUNIOR;;;;
88f6b23a-be68-481a-85a4-6f3a5308491d;;1985-09-04;;TALIRIA PETRONE SOARES;;;;
96032677-74f2-45e7-a90a-f17fbf83c6ed;;1976-11-22;;OTONI MOURA DE PAULO JUNIOR;;;;
ef46e20c-1dfb-4d3a-bcda-77d5914ddfea;;1965-06-21;;VINICIUS MEDEIROS FARAH;;;;
bebf6c05-fc8e-4a81-9439-ed5534053315;;1965-10-01;;GELSON DE AZEVEDO ALMEIDA;;;;
76fe3961-bc91-456f-91fa-abde685a2ca5;;1979-09-09;;GUTEMBERG REIS DE OLIVEIRA;;;;
30228754-b553-4075-8868-cc41a7016ca3;;1980-02-12;;JOAO CARLOS SOARES GURGEL;;;;
a982a0cf-b34c-43ad-aae8-13fb37f43d15;;1966-04-22;;JOZIEL FERREIRA CARLOS;;;;
e417a7b6-be7d-45e3-95dd-809a32cec500;;1976-10-02;;DANIELA MOTE DE SOUZA CARNEIRO;;;;
1ec16aff-e3d9-4ec4-b054-7c3dbf59bd36;;1944-10-18;;PAULO SERGIO RAMOS BARBOZA;;;;
c114139a-cb32-4751-a32d-2553e2628d43;;1970-12-06;;RODRIGO FELINTO IBARRA EPITACIO MAIA;;;;
85199193-7448-4681-81b0-6015a95d0555;;1967-12-04;;MARCELO RIBEIRO FREIXO;;;;
a0b00a1f-dced-47df-97ca-355162b9770d;;1980-09-01;;FABIANA SILVA DE SOUZA;;;;
958f45ff-01c0-49f5-8763-4daa9123276e;;1967-05-26;;FELICIO LATERCA DE ALMEIDA;;;;
34c24bba-da7b-47a3-b0d8-dbca0546f87d;;1982-08-02;;CARLOS ROBERTO COELHO DE MATTOS JUNIOR;;;;
788e1df6-05ce-41cc-a2da-892fdabb9403;;1981-04-30;;FLAVIO NANTES BOLSONARO;;;;
294b5767-4455-4b2b-b13a-c6b43c977521;;1969-03-28;;HELIO FERNANDO BARBOSA LOPES;;;;
18bc1f88-83b0-4469-907e-09273f556b35;;1977-10-12;;LUIZ EDUARDO CARNEIRO DA SILVA DE SOUZA LIMA;;;;
7621d4bd-fb87-4b51-8e96-f171a3a7d112;;1954-07-18;;WAGNER MONTES DOS SANTOS;;;;
8984f534-a695-4ce8-9d7c-da3bef29fa14;;1983-04-19;;PAULO GUSTAVO GANIME ALVES TEIXEIRA;;;;
ef3bc717-9990-4452-8de8-106761c8d450;;1962-04-26;;CHRISTINO AUREO DA SILVA;;;;
71ca9390-a8f1-471b-9c4a-6dbc71ac37fa;;1991-05-14;;CHRISTINE NOGUEIRA DOS REIS TONIETTO;;;;
cc0e1849-465f-4058-aa57-ea6572f76775;;1985-01-13;;WLADIMIR BARROS ASSED MATHEUS DE OLIVEIRA;;;;
60e6b49d-d707-45ed-81e2-d0a94d0c16d5;;1953-09-20;;JOAO DA SILVA MAIA;;;;
0d12f90d-ad5d-4b22-905b-726b0ca38a3c;;1956-06-12;;FERNANDO WANDERLEY VARGAS DA SILVA;;;;
4d2ba413-3c59-4b6e-9049-1a3c7a89380a;;1977-07-02;;EANN STYVENSON VALENTIM MENDES;;;;
d72094c8-a7e5-460f-9198-9ebb02506862;;1988-06-15;;NATALIA BASTOS BONAVIDES;;;;
eae6e3d3-c474-49b2-9169-09c0e11a6786;;1966-04-22;;LUIZ BENES LEOCADIO DE ARAUJO;;;;
636b8aa2-d42a-4f0f-88f3-1891a9e9a3c5;;1955-08-05;;ELIESER GIRAO MONTEIRO FILHO;;;;
f51992af-f2e3-49f0-90a2-bae9997c3583;;1977-01-09;;FABIO SALUSTINO MESQUITA DE FARIA;;;;
609a2222-e14b-4201-a27d-833cfea7b967;;1984-11-01;;LEONARDO BARRETO DE MORAES;;;;
3e6df285-58b8-44df-9cb5-240cf3a433df;;1974-03-12;;DIRLAINE JAQUELINE CASSOL;;;;
40300efd-90eb-4b0e-89b6-7093a1065eaf;;1959-06-23;;JOAO CHRISOSTOMO DE MOURA;;;;
f59f2c9e-7ad7-42f6-834e-cb22c4bfe09b;;1974-01-15;;SILVIA CRISTINA AMANCIO CHAGAS;;;;
ef89c773-681a-44e9-9019-fbbda2204706;;1948-05-16;;CONFUCIO AIRES MOURA;;;;
eb8426d9-e7ee-4d4e-83db-3bfeeab8c9fc;;1978-07-07;;MARCOS ROGERIO DA SILVA BRITO;;;;
3202e490-1f9a-43a7-936b-d0c0ec3fccc8;;1959-01-30;;MAURO NAZIF RASUL;;;;
2a83043e-cecd-466d-a896-67af2806b3a2;;1962-08-02;;ANTONIO MECIAS PEREIRA DE JESUS;;;;
e523000b-ca8a-4a2b-ada5-35c049cff3f5;;1973-04-20;;JOENIA BATISTA DE CARVALHO;;;;
8436cfb7-b82c-44e8-a663-a37a5447b38a;;1952-04-01;;EDIO VIEIRA LOPES;;;;
88c95cde-e5fd-46d0-a415-30ce13bf9daa;;1951-04-23;;FRANCISCO DE ASSIS RODRIGUES;;;;
62746ac4-e15c-4349-a06f-61f5d00b1d89;;1984-11-04;;SHERIDAN ESTERFANY OLIVEIRA DE ANCHIETA;;;;
10bc8709-e73b-4113-a180-87d6b9bb6890;;1981-07-21;;ANTONIO CARLOS NICOLETTI;;;;
e18bf5de-1a3c-495d-b36f-3df700a60ab2;;1977-08-18;;JOSE OTACI BARROSO DO NASCIMENTO;;;;
15d8f711-1f1f-4d11-a608-3df3b8601e48;;1953-11-05;;HAROLDO ALVES CAMPOS;;;;
e539608d-b67b-4c2e-b8f7-c217546a0aa7;;1969-01-12;;UBIRATAN ANTUNES SANDERSON;;;;
81277e50-819a-454a-903a-091c564c2ea9;;1963-07-21;;NEREU CRISPIM;;;;
9cf74cbe-534d-474f-9f73-5d2fc08acc74;;1979-07-26;;MAURICIO ALEXANDRE DZIEDRICKI;;;;
59714bad-c93c-41c3-bc7e-26c00d701474;;1962-04-25;;JOSE ALFONSO EBERT HAMM;;;;
08497423-cff3-47a2-9f71-1041e0cf0ac9;;1966-11-22;;MARIA DO ROSARIO NUNES;;;;
54a5dfe2-6850-4fad-891c-f3322891e3ae;;1985-08-11;;MARCEL VAN HATTEM;;;;
a7b30aaa-7b1d-4784-8acc-c76d2313060f;;1981-01-24;;LIZIANE BAYER DA COSTA;;;;
c3842f3c-c216-4dc4-9e69-57f9b1b5e475;;1975-09-25;;MARLON ARATOR SANTOS DA ROSA;;;;
caf36b11-fcd6-4c52-b23a-3ffed0b9c658;;1976-01-20;;JERONIMO PIZZOLOTTO GOERGEN;;;;
b802b513-18d4-4a11-923b-1977af9c2ca3;;1957-09-01;;ALCIBIO MESQUITA BIBO NUNES;;;;
1d6a32f8-9a97-4e2a-8e47-2dfba14d848f;;1986-04-11;;DANIEL TRZECIAK DUARTE;;;;
00cc623d-46a8-4d4f-8c5c-8ad5f6199400;;1950-12-19;;PEDRO BANDARRA WESTPHALEN;;;;
b4688e52-5e23-4fd4-b660-f2ecef2faf2c;;1962-05-02;;ELVINO JOSE BOHN GASS;;;;
cade5572-a47d-4061-b1b3-4c19dedb6d04;;1984-02-02;;FERNANDA MELCHIONNA E SILVA;;;;
fee72cec-1cac-44d7-8f70-b1ade1654635;;1979-07-08;;MARCELO PIRES MORAES;;;;
5b8bda9f-e6cc-43f9-a632-f6c11c2f9733;;1950-03-15;;PAULO RENATO PAIM;;;;
ca623ddf-732a-46f0-a682-0f29e1dc03da;;1981-05-26;;LUCAS BELLO REDECKER;;;;
825d8e1d-845f-4ef9-b62b-e949fa72f99c;;1960-01-18;;HENRIQUE FONTANA JUNIOR;;;;
d4babd19-3b94-4a4b-ba18-75504bbeab70;;1982-03-04;;DANIEL COSTA DE FREITAS;;;;
3389608f-7857-48c9-a4c3-0921d9881bd9;;1954-03-03;;HELIO FRANCISCO DA COSTA;;;;
04314ac4-3e7e-44f4-b520-f1891eb317f1;;1988-05-31;;FABIO LUIZ SCHIOCHET FILHO;;;;
322a4b0d-4d4f-40a7-a011-a6481892af26;;1961-08-11;;DARCI DE MATOS;;;;
ab8002e2-1017-44cb-afd2-1ea17afca5dd;;1981-12-04;;GILSON MARQUES VIEIRA;;;;
cd8bd83a-6da8-4a8c-8452-8cdb0ff3543e;;1957-06-23;;LUIZ ARMANDO SCHROEDER REIS;;;;
14547a32-18de-4cc0-8e6d-d5fc1c0934cc;;1953-12-20;;ANGELA REGINA HEINZEN AMIN HELOU;;;;
aa9cfaa5-bce8-41a5-8946-ec29e36ff55a;;1962-06-10;;CARMEN EMILIA BONFA ZANOTTO;;;;
0c8ed9b7-79c9-43b5-9cc5-c9d1e3c84ab2;;1953-01-27;;ROGERIO MENDONCA;;;;
60aa9b8d-5723-4896-8540-ce140a3a11ca;;1982-08-03;;CARLOS ALBERTO CHIODINI;;;;
e3099793-1c30-4c4d-96ee-f9af847f21e0;;1947-12-21;;ESPERIDIAO AMIN HELOU FILHO;;;;
05584b31-3a83-49d9-81f4-c090671f4e4b;;1986-01-09;;CAROLINE RODRIGUES DE TONI;;;;
3eb03e25-ec66-4bfc-a699-d19bc1463be1;;1980-06-29;;RODRIGO COELHO;;;;
9b3f9c0f-8f79-4d28-96f7-ccf1acda8e4b;;1977-09-28;;RICARDO ZANATTA GUIDI;;;;
9b3bebb0-0171-4bc9-bde1-357d15adc5cc;;1959-04-15;;LAERCIO JOSE DE OLIVEIRA;;;;
092312f0-ff29-43a7-bcea-502e914ac0b7;;1972-06-19;;FABIO HENRIQUE SANTANA DE CARVALHO;;;;
881101d4-5161-447b-a9cc-8a7f1779905f;;1975-03-04;;ALESSANDRO VIEIRA;;;;
6e4505f2-b8d9-41b4-a574-80f164cde8f8;;1950-09-28;;JOAO BOSCO DA COSTA;;;;
caf30e65-b048-457f-b770-57f6a0e42eb8;;1969-06-20;;JOSE VALDEVAN DE JESUS SANTOS;;;;
ec6d5275-0cbe-406f-a871-bc5c36cb95ce;;1982-02-16;;LUIZ AUGUSTO CARVALHO RIBEIRO FILHO;;;;
0057944d-d7d6-494d-b005-1963e33031f3;;1968-02-08;;ROGERIO CARVALHO SANTOS;;;;
fb219d67-1523-43a0-8d73-21b38a4d468d;;1973-12-12;;ANTONIO CEZAR CORREIA FREIRE;;;;
0957b9ba-5d0f-4d5a-84fb-00a59a0f826b;;1963-10-14;;ALEXANDRE FROTA DE ANDRADE;;;;
47051085-52a8-49b5-9955-219c70780536;;1957-06-05;;LUIZ FLAVIO GOMES;;;;
73ae0b0f-586d-4a60-9155-2e2eb0df27d9;;1980-08-17;;NICOLINO BOZZELLA JUNIOR;;;;
ccbacceb-efe9-4954-9034-4611c4979b31;;1972-04-04;;MARCOS ANTONIO PEREIRA;;;;
87dc7152-735d-4b2d-b45c-5466f5794602;;1994-06-08;;ENRICO VAN BLARCUM DE GRAAFF MISASI;;;;
cd43731d-c982-4cfe-a287-830e1c79243f;;1976-01-13;;EUGENIO JOSE ZULIANI;;;;
28f50e6a-11ec-4635-bff8-0d2190b5a069;;1969-03-04;;LUIZ PHILIPPE DE ORLEANS BRAGANCA;;;;
ab311fc4-d3c1-4992-928f-17a89728b24f;;1976-03-14;;ALENCAR SANTANA BRAGA;;;;
d995d114-1bcc-48a8-8e37-56e19b38a3e8;;1996-01-28;;KIM PATROCA KATAGUIRI;;;;
000bdcc9-52cb-4360-91fb-286d99ba0216;;1976-04-04;;KATIA DA SILVA SASTRE;;;;
33f2c2f3-4c9c-40e9-bcf6-6eaa6b88d4c5;;1976-01-13;;ADRIANO ELI CORREA;;;;
bab05c9a-99cc-4e1c-ae19-bce8989f732b;;1980-03-07;;CARLA ZAMBELLI SALGADO;;;;
c78937b5-b8be-4e6b-b0d5-c4f3674fa9ed;;1978-01-29;;JOICE CRISTINA HASSELMANN;;;;
ec8d57ea-2cec-43f5-aa45-8ff19d1e0333;;1965-01-10;;MARIA DO PARTO MENDES ROSAS;;;;
b46453a1-f5bb-4c04-a092-55044f8a3ab9;;1962-09-16;;MILTON VIEIRA PINTO;;;;
2e6fa665-7c6b-4201-8f45-474cd77f037e;;1989-08-22;;SAMIA DE SOUZA BOMFIM;;;;
4caec8a6-a025-49c8-b719-000832d33c19;;1971-09-14;;ALEXANDRE ROCHA SANTOS PADILHA;;;;
3c41d3a9-cd93-44ef-9ea7-b0f82c9ffe7d;;1984-10-10;;GUILHERME MURARO DERRITE;;;;
ce2342e3-aa86-4eea-b37e-5b427bef1d66;;1969-08-05;;ROSANA DE OLIVEIRA VALLE;;;;
160ee59a-d72b-45d6-b575-373ee5d3e987;;1961-11-13;;JOSE GUILHERME NEGRAO PEIXOTO;;;;
db200c1c-fad6-4399-ad78-bff233bd6bd3;;1977-12-12;;RODRIGO ANTONIO DE AGOSTINHO MENDONCA;;;;
5fd92261-c51b-41a2-bf01-30409e577b61;;1986-01-31;;VINICIUS LAZZER POIT;;;;
0e271ade-006a-459a-9354-ae4fbb33135d;;1968-04-30;;MARCO AURELIO BERTAIOLLI;;;;
e3c4d782-3b24-43d9-9d3d-353a3bbe3a62;;1969-06-03;;ADRIANA MIGUEL VENTURA;;;;
e21821b8-5485-4c5f-b111-e4827b62a8d0;;1993-11-14;;TABATA CLAUDIA AMARAL DE PONTES;;;;
b4917bf3-ea9b-4590-a1e8-c90ed0f5bdef;;1954-06-08;;ROBERTO SEBASTIAO PETERNELLI JUNIOR;;;;
b6635ff0-cef6-486d-bf0f-607c78011dcb;;1943-11-26;;RUI GOETHE DA COSTA FALCAO;;;;
73bca155-0a34-43de-bc77-813e9222073b;;1965-09-30;;MARCIO TADEU ANHAIA DE LEMOS;;;;
0579ac20-cf05-471a-b137-2314807a88f0;;1973-12-21;;DAVID BEZERRA RIBEIRO SOARES;;;;
f89c10a2-ad25-4093-90db-57f741b7f8cb;;1972-12-10;;MARCO ANTONIO FELICIANO;;;;
723c8e01-8c26-4014-b65c-2e27fa30bc4a;;1966-06-11;;PAULO SERGIO ABOU ANNI;;;;
7fd5f6d3-c1ca-41f7-a8e6-4da47b90b7c6;;1959-04-24;;LUIZ CARLOS MOTTA;;;;
838d5981-5fa3-43bd-96ae-aa941a540700;;1967-08-19;;ALEXIS JOSEPH STEVERLYNCK FONTEYNE;;;;
f94b4f45-8830-4b3e-bdee-7cca7bb87d43;;1988-04-08;;TIAGO BRAGA PEREIRA;;;;
8ac4437a-b551-4f14-823f-9b333a1e63f5;;1963-04-16;;OSIRES RODRIGUES DAMASO;;;;
a4122fda-bbf6-469c-ae4e-9842a34bb08d;;1960-01-09;;ELI DIAS BORGES;;;;
5080084d-ec12-4010-a9df-95c11c1c5472;;1966-04-28;;CARLOS EDUARDO TORRES GOMES;;;;
611aeb48-fc84-4ec9-aab6-9208c0bfa9c5;;1983-03-02;;IRAJA SILVESTRE FILHO;;;;
36fcb324-0d48-4453-abfb-2b370f126c02;;1953-08-13;;CELIO ALVES DE MOURA;;;;
