slp:resource_uri;cam:dataFalecimento;cam:dataNascimento;cam:ideCadastro;cam:nomeCivil;cam:nomeParlamentarAtual;sen:CodigoParlamentar;sen:NomeCompletoParlamentar;sen:NomeParlamentar
64965d06-916a-4ef9-a8c7-886055dc979e;;1976-10-23;178836.0;ALAN RICK MIRANDA;ALAN RICK;;;
908bcac7-6fc7-4957-9ae9-00a46ad10a37;;1969-02-13;160527.0;AGUINALDO VELLOSO BORGES RIBEIRO;AGUINALDO RIBEIRO;;;
5ff9cfe9-2fee-47b6-b7ac-a1cb282236be;;1987-02-10;160582.0;JOSÉ ALBERTO OLIVEIRA VELOSO FILHO;ALBERTO FILHO;;;
e4e93a22-8177-400a-8231-2e8ae9d06a12;;1960-10-15;160508.0;AFONSO BANDEIRA FLORENCE;AFONSO FLORENCE;;;
0a39e693-7990-4118-8637-278d778df124;;1956-02-05;178903.0;ADILTON DOMINGOS SACHETTI;ADILTON SACHETTI;;;
abf442cf-ef29-40f6-8929-9a4066570ed2;;1962-04-25;136811.0;JOSÉ ALFONSO EBERT HAMM;AFONSO HAMM;;;
92f42906-8bf7-4ede-9623-d436a052aa3a;;1950-01-08;178835.0;AFONSO ANTUNES DA MOTTA;AFONSO MOTTA;;;
8b012d6f-1eef-426e-b2af-921d2cb147f1;;1961-12-15;141372.0;AELTON JOSÉ DE FREITAS;AELTON FREITAS;;;
0cad898e-314c-42ee-9bbb-5ce1578ba9dd;;1969-07-18;196359.0;ADERMIS MARINI JUNIOR;ADÉRMIS MARINI;;;
8d0f8273-6da1-42f9-8125-8fb4ab094096;;1958-02-10;178914.0;ADALBERTO CAVALCANTI RODRIGUES;ADALBERTO CAVALCANTI;;;
fd86d643-1fd8-426e-a8df-cd68d2ec79b9;;1964-09-22;178968.0;ADELSON BARRETO DOS SANTOS;ADELSON BARRETO;;;
55df2c80-2de5-4739-b227-bcd41d1ee1f1;;1963-07-11;178864.0;JOSE ADAIL CARNEIRO SILVA;ADAIL CARNEIRO;;;
cc98fbfb-234a-4cac-98f7-2b45bdfdd530;;1949-05-25;178890.0;ADELMO CARNEIRO LEAO;ADELMO CARNEIRO LEÃO;;;
afecd733-1fa9-4a4b-b639-5302baec6ad9;;1949-08-22;74213.0;ANTONIO BALHMANN CARDOSO NUNES FILHO;ANTONIO BALHMANN;;;
2dd6db55-28c2-4607-8784-d8f45f9e2177;;1969-01-17;160553.0;ANTONIO LUIZ PARANHOS RIBEIRO LEITE DE BRITO;ANTONIO BRITO;;;
a287ed45-5fa2-459d-a807-00032c1e5c83;;1964-05-30;133374.0;ADEMIR CAMILO PRATES RODRIGUES;ADEMIR CAMILO;;;
9fa16f07-1fa8-432c-a3e4-6ac61dd14055;;1955-02-19;178837.0;RAIMUNDO ANGELIM VASCONCELOS;ANGELIM;;;
c5830278-3b13-43b0-8dbd-6b22d04918d2;;1953-06-07;74212.0;ANÍBAL FERREIRA GOMES;ANÍBAL GOMES;;;
12f10ca3-2568-4cbc-ba6a-56a5c799eb2f;;1962-03-29;178957.0;ABEL SALVADOR MESQUITA JUNIOR;ABEL MESQUITA JR.;;;
01aab937-df9a-4fb6-b751-789b10f77a10;;1968-05-05;141383.0;ANTONIO CARLOS MARTINS DE BULHÕES;ANTONIO BULHÕES;;;
05aae140-c7f5-4c84-aa55-fac7d5d6911e;;1969-08-28;192120.0;ANGELA ALBINO;ANGELA ALBINO;;;
461af638-907e-4e3d-a786-6208567bae6c;;1971-02-16;178865.0;FLAVIO ALVES SABINO;CABO SABINO;;;
eff1391c-b46a-4f2e-bfce-65f9eddd3b35;;1961-11-11;178881.0;ALUISIO GUIMARAES MENDES FILHO;ALUISIO MENDES;;;
f5735090-acbc-4d7b-b4bc-bdcd1c15c92a;;1969-06-20;141335.0;JOSÉ ROBERTO OLIVEIRA FARO;BETO FARO;;;
9aba8810-4581-4f77-ac52-73f353b125ad;;1961-10-17;74378.0;ASSIS MIGUEL DO COUTO;ASSIS DO COUTO;;;
d327aa35-6715-4841-a8df-e7288a767a03;;1976-03-30;178938.0;BENEVENUTO DACIOLO FONSECA DOS SANTOS;CABO DACIOLO;;;
a3173bb6-fb1e-4ed7-9182-d0f657ff29b7;;1979-11-03;93083.0;CARLOS FELIPE VAZQUEZ DE SOUZA LEÃO;CACÁ LEÃO;;;
8a31f6cd-fc1d-40c4-8fd4-5b03a5e548c6;;1964-03-06;105112.0;LUIZ GIONILSON PINHEIRO BORGES;CABUÇU BORGES;;;
098797ec-2a48-41f8-898c-8b33452ea70c;;1980-04-07;178976.0;BRUNO COVAS LOPES;BRUNO COVAS;;;
69ccdfae-6832-45fe-a9b2-58b0d170fbc8;;1952-08-17;73934.0;CARLOS ALBERTO CAVALCANTE DE SOUZA;CARLOS SOUZA;;;
d8366b31-40f2-4558-bce3-4c24c8897c1b;;1947-03-11;74651.0;CARLOS DO CARMO ANDRADE MELLES;CARLOS MELLES;;;
59c7bbf5-1b53-471c-8448-8e4f280f52ef;;1960-11-21;178900.0;CARLOS EDUARDO XAVIER MARUN;CARLOS MARUN;;;
2ea5d284-fb53-4cc1-8891-aa7843c77504;;1957-08-07;74163.0;CARLOS HUMBERTO MANNATO;CARLOS MANATO;;;
6b2cea53-544d-4dbc-84e2-413132f121e6;;1961-04-21;178993.0;CARLOS HENRIQUE AMORIM;CARLOS HENRIQUE GAGUIM;;;
08f29f51-d0dc-46ac-b318-378e0f7be3d8;;1958-09-01;62881.0;FRANCISCO DANILO BASTOS FORTE;DANILO FORTE;;;
1cc9126a-dd9b-4be8-8e09-0b4c46743473;;1967-04-21;160528.0;DANILO JORGE DE BARROS CABRAL;DANILO CABRAL;;;
0bcb1eba-2805-43e2-8565-959c8b31c187;;1983-10-23;144523.0;DANIEL ELIAS CARVALHO VILELA;DANIEL VILELA;;;
95fce76e-e824-4977-8386-bffc05763371;;1984-07-10;92346.0;EDUARDO NANTES BOLSONARO;EDUARDO BOLSONARO;;;
12742186-5bc8-4bd9-932c-fe247f8c6f3c;;1958-01-08;178841.0;JOSÉ CÍCERO SOARES DE ALMEIDA;CÍCERO ALMEIDA;;;
15d73351-e972-4a4b-8bae-80ac730513b5;;1963-03-31;74262.0;CARLOS HENRIQUE FOCESI SAMPAIO;CARLOS SAMPAIO;;;
0328f737-88fc-4325-9e2a-300cec9b9cae;;1958-08-25;74655.0;EDUARDO LUIZ BARROS BARBOSA;EDUARDO BARBOSA;;;
31fbec5e-1e00-496c-a0f6-5d1e56c34cc5;;1957-05-26;134812.0;EDMILSON BRITO RODRIGUES;EDMILSON RODRIGUES;;;
15a7dab6-461f-4543-929c-93d2e6ed0069;;1948-01-26;73768.0;DILCEU JOÃO SPERAFICO;DILCEU SPERAFICO;;;
fda9e9b6-791b-4063-92dd-942f1bd28e88;;1972-04-02;178871.0;EVAIR VIEIRA DE MELO;EVAIR VIEIRA DE MELO;;;
e4658aff-e9cd-49a5-a2c5-7c557baa744c;;1978-11-04;178916.0;DANIEL PIRES COELHO;DANIEL COELHO;;;
7dd105df-c756-44c3-9a42-7655937beeda;;1968-04-14;178979.0;ANTONIO FLORIANO PEREIRA PESARO;FLORIANO PESARO;;;
ecbfdca4-942a-4477-80f1-5f6935e14eea;;1953-02-27;191923.0;FLÁVIO RODRIGUES NOGUEIRA;FLAVIO NOGUEIRA;;;
f100aed0-b8f8-42e1-89a2-351d7fbcb69b;;1982-06-26;152605.0;GLAUBER DE MEDEIROS BRAGA;GLAUBER BRAGA;;;
84a09e64-bf05-49c3-b91c-ddfec4fee2e7;;1947-12-21;160649.0;ESPERIDIÃO AMIN HELOU FILHO;ESPERIDIÃO AMIN;;;
99b1944f-c6cd-4128-a4d3-15c7fb9aac78;;1975-07-01;190149.0;FABRICIO JOSÉ SATIRO DE OLIVEIRA;FABRICIO OLIVEIRA;;;
2497fcf9-d994-4c8e-b48e-a4be711b78fc;;1957-06-19;178959.0;HIRAN MANUEL GONCALVES DA SILVA;HIRAN GONÇALVES;;;
aca6b811-13f6-44ea-9a5a-c5282d37a2aa;;1949-05-12;73926.0;JANETE MARIA GÓES CAPIBERIBE;JANETE CAPIBERIBE;;;
5b3fe908-a9fa-47cb-84cb-a03dc49d26a2;;1979-08-22;178917.0;JOAO FERNANDO PONTUAL COUTINHO;JOÃO FERNANDO COUTINHO;;;
9b2c766a-ba57-44ad-8cd6-19468fa82aeb;;1977-06-01;66828.0;FAUSTO RUY PINATO;FAUSTO PINATO;;;
055e54d4-9a34-4cdf-ae4e-c9b6a933a2bf;;1956-08-24;178907.0;FRANCISCO ALVES DE AGUIAR;FRANCISCO CHAPADINHA;;;
b004a190-744c-47e6-af4f-ddffd36adc96;;1957-02-21;141464.0;JOSÉ AIRTON FÉLIX CIRILO DA SILVA;JOSÉ AIRTON CIRILO;;;
99a43ef5-ded5-48bf-9792-dd1d74c5cd9c;;1957-05-17;74848.0;JANDIRA FEGHALI;JANDIRA FEGHALI;;;
9a5e3486-1552-476d-a619-fa898782adc3;;1979-03-26;178851.0;JOZIANE ARAÚJO NASCIMENTO;JOZI ARAÚJO;;;
890ee311-1045-41ee-af3c-d267db92e573;;1947-12-09;74553.0;JOSÉ CARLOS ALELUIA COSTA;JOSÉ CARLOS ALELUIA;;;
e2f3d761-a44a-4bae-bdcb-ddc5b865c410;;1981-06-02;178965.0;JOAO DERLY DE OLIVEIRA NUNES JUNIOR;JOÃO DERLY;;;
b22efa3d-d381-4c89-a6e3-bf92f057be3b;;1963-05-01;74856.0;MARIA LAURA MONTEZA DE SOUZA CARNEIRO;LAURA CARNEIRO;;;
81be1c11-327d-4965-baff-2ec0316df925;;1978-06-10;178982.0;LUIZ LAURO FERREIRA FILHO;LUIZ LAURO FILHO;;;
f3872356-c9a4-43e7-a342-1281395d1f04;;1957-09-12;141487.0;LUIZ FERNANDO RAMOS FARIA;LUIZ FERNANDO FARIA;;;
52b845a2-74d8-4732-b21e-0e844e51b709;;1969-10-14;81366.0;LUANA MARIA DA SILVA COSTA;LUANA COSTA;;;
118687ac-a58d-4f53-bc3e-aea766ff9049;;1971-02-15;178880.0;MARCOS ABRAO RORIZ SOARES DE CARVALHO;MARCOS ABRÃO;;;
52b945a0-5db5-44a4-b13c-61b64dd99165;;1960-11-23;74177.0;MARINHA CÉLIA ROCHA RAUPP DE MATOS;MARINHA RAUPP;;;
3458f5a3-cf98-42f4-b46a-64bae2b3e39c;;1961-06-11;74787.0;MILTON ANTONIO CASQUEL MONTI;MILTON MONTI;;;
96277a2a-f12c-49ee-a52a-2119d7f1fa4f;;1987-06-12;146788.0;MARCELO GUILHERME DE ARO FERREIRA;MARCELO ARO;;;
32b7704b-7ccb-42a4-9864-0d10fad81f98;;1964-01-29;178985.0;MIGUEL LOMBARDI;MIGUEL LOMBARDI;;;
f1c42f04-a2fd-4602-a9fb-3bf2ec66dd05;;1954-09-30;74158.0;MÁRIO LÚCIO HERINGER;MÁRIO HERINGER;;;
a1aca44b-e25f-4ffa-ba8c-a2280445731d;;1979-11-11;178896.0;NEWTON CARDOSO JUNIOR;NEWTON CARDOSO JR;;;
8f7f8f69-5235-4e9d-a884-ce61d75fd613;;1961-07-29;141515.0;OTAVIO SANTOS SILVA LEITE;OTAVIO LEITE;;;
0685388c-49fd-42f8-a945-080138e67328;;1931-09-03;132056.0;PAULO SALIM MALUF;PAULO MALUF;;;
f82dcb07-a11b-4620-a5ec-9d7784a861ed;;1972-10-12;160601.0;MARCO ANTÔNIO FELICIANO;PR. MARCO FELICIANO;;;
8e861e50-2971-4725-baf8-4c9cf847a7de;;1947-08-11;74751.0;NILMÁRIO DE MIRANDA;NILMÁRIO MIRANDA;;;
81f5e736-f84f-44c6-8f63-f64947aadcc4;;1958-07-12;73486.0;DARCI POMPEO DE MATTOS;POMPEO DE MATTOS;;;
413a3ac3-bcd0-4bb9-9b49-b03ce2014e06;;1987-04-08;178879.0;LUCAS DE CASTRO SANTOS;LUCAS VERGILIO;;;
47b1d74b-bd7c-4468-982d-bd1d392136bc;;1961-10-02;160652.0;ROBERTO SÉRGIO RIBEIRO COUTINHO TEIXEIRA;ROBERTO TEIXEIRA;;;
303105e6-55c1-40f0-aa82-b96dc7db0124;;1971-03-12;171620.0;RENATO BARBOSA DE ANDRADE;RENATO ANDRADE;;;
dc487c48-3d09-4709-a107-2b1fabe26f6a;;1978-08-14;178944.0;ROBERTO DA SILVA SALES;ROBERTO SALES;;;
6352fe51-c310-409c-82f4-088130e6973d;;1960-01-05;178861.0;RONALDO CARLETTO;RONALDO CARLETTO;;;
2b913d98-5ab3-4605-937d-ec26e40f09c7;;1963-02-09;178990.0;SAMUEL MOREIRA DA SILVA JUNIOR;SAMUEL MOREIRA;;;
c1a77e59-28c2-4b3b-9851-d6ea8f98a8e4;;1950-02-18;73692.0;OSMAR GASPARINI TERRA;OSMAR TERRA;;;
74ae0424-4c3c-4615-b404-7a725b15c9ba;;1964-08-31;141522.0;RAIMUNDO SABINO CASTELO BRANCO MAUÉS;SABINO CASTELO BRANCO;;;
c5c7c191-13e4-435c-92f9-4387209d3f1d;;1954-07-06;178901.0;TEREZA CRISTINA CORREA DA COSTA DIAS;TEREZA CRISTINA;;;
751854d4-1a34-467e-a257-1733509ca504;;1964-01-22;74376.0;VANDER LUIZ DOS SANTOS LOUBET;VANDER LOUBET;;;
aee4edde-a602-4c8e-88b7-b9253b094800;;1943-10-22;74765.0;SILAS BRASILEIRO;SILAS BRASILEIRO;;;
cbb14715-0305-430d-bc1c-dbf011a2b347;;1955-08-04;141558.0;WALDIR MARANHÃO CARDOSO;WALDIR MARANHÃO;;;
df2a33e0-8cd7-4952-8b5d-d3d4f8f7aa3a;;1954-03-08;160569.0;WALDENOR ALVES PEREIRA FILHO;WALDENOR PEREIRA;;;
820bb5c1-3dca-49bb-bd6a-00d85d3982fa;;1976-08-26;137853.0;WADSON NATHANIEL RIBEIRO;WADSON RIBEIRO;;;
06542a65-3e37-489a-b14d-8f29edd32f86;;1963-04-11;160630.0;SÁGUAS MORAES SOUSA;SÁGUAS MORAES;;;
7b9fcb0c-b186-4b43-b289-476c3a2960dd;;1955-05-26;178889.0;JOSÉ CARLOS NUNES JÚNIOR;ZÉ CARLOS;;;
c3d3625e-ea63-4afa-8519-86cff2399cdf;;1956-03-09;160515.0;RONALDO JOSÉ BENEDET;RONALDO BENEDET;;;
8fa4ec72-82c0-4868-a76a-ed04e6e57caf;;1954-11-27;178949.0;ZENAIDE MAIA CALADO PEREIRA DOS SANTOS;ZENAIDE MAIA;;;
76097d2b-f224-4ccf-9005-c24f380cb13b;;1950-02-24;178902.0;JOSE ORCIRIO MIRANDA DOS SANTOS;ZECA DO PT;;;
61884513-cd6d-445c-9a00-3ea457ecee26;;1950-05-20;141553.0;VANDERLEI MACRIS;VANDERLEI MACRIS;;;
975d7b68-4473-4651-a477-27517b8697bf;;1966-07-21;178923.0;JOSE CAVALCANTI ALVES JUNIOR;ZECA CAVALCANTI;;;
452c2ef9-3696-4f40-819c-dd1be37b3048;;1944-07-26;73992.0;YEDA RORATO CRUSIUS;YEDA CRUSIUS;;;
ad6dcb7b-7111-4e00-8ea9-2b932c07f863;;1961-12-21;73931.0;JOSÉ GERALDO TORRES DA SILVA;ZÉ GERALDO;;;
3b49df23-c871-4fae-be85-9349330e2238;;1959-04-19;160631.0;WALNEY DA ROCHA CARVALHO;WALNEY ROCHA;;;
e9787dec-f1e0-4c2a-a554-ddb4cf785225;;1963-05-11;160632.0;JOSÉ SILVA SOARES;ZÉ SILVA;;;
92d7646f-0b61-48ff-bdd0-c234456eab80;;1956-05-06;191945.0;JOSÉ AUGUSTO NALIN;ZÉ AUGUSTO NALIN;;;
89cd5a89-6ba4-42e4-b2c7-d514d5660239;;1964-01-16;73930.0;WLADIMIR AFONSO DA COSTA RABELO;WLADIMIR COSTA;;;
719ae20e-7c84-4767-8f1e-f6f0624cd5ea;;1978-06-21;160592.0;JOSÉ CARLOS BECKER DE OLIVEIRA E SILVA;ZECA DIRCEU;;;
ab9b54c7-1071-41e5-ab76-ead16e26799c;;1970-01-16;193066.0;WILSON SILVA BESERRA;WILSON BESERRA;;;
227aa586-736c-43e5-a8aa-ab0200616913;;1975-12-16;199809.0;EDERSON DAL MOLIN;XUXU DAL MOLIN;;;
fe1660c8-1e36-4a4d-a8cc-33b7b0922eb1;;1972-12-12;74439.0;WOLNEY QUEIROZ MACIEL;WOLNEY QUEIROZ;;;
b211f117-3a4b-4149-bfc4-571bba56900e;;1968-11-27;141563.0;WILLIAM BOSS WOO;WILLIAM WOO;;;
aaa9ca3c-7989-41e5-9485-baa9ed9efc39;;1961-07-17;141560.0;WALTER SHINDI IIHOSHI;WALTER IHOSHI;;;
ab9bb9f5-a5b7-4a7d-ad97-9ff6d82277e3;;1980-02-27;178952.0;WALTER PEREIRA ALVES;WALTER ALVES;;;
da0772a1-8e59-4d0e-ac25-846285ee4ff0;;1959-05-19;74043.0;JOSÉ WELLINGTON ROBERTO;WELLINGTON ROBERTO;;;
9baea0e6-e9df-4fb6-a04b-3ece7f0040b9;;1979-10-08;167493.0;WEVERTON ROCHA MARQUES DE SOUSA;WEVERTON ROCHA;;;
514108aa-be67-4968-aab0-c6ebcc3db613;;1967-04-05;160620.0;WASHINGTON REIS DE OLIVEIRA;WASHINGTON REIS;;;
2b57a97d-5db3-405c-bedd-433aa3fb1c5b;;1989-08-10;160636.0;JOSÉ WILSON SANTIAGO FILHO;WILSON FILHO;;;
23b18b97-d11c-46ed-8169-896c71ff7030;;1978-05-15;178869.0;VITOR PEREIRA VALIM;VITOR VALIM;;;
e8fccb5e-7e21-455e-a6a2-b400cb91604e;;1959-05-18;178992.0;VITOR LIPPI;VITOR LIPPI;;;
4070654b-a5b5-4dc1-9848-08f87f5f9893;;1978-07-31;160591.0;VINICIUS DE AZEVEDO GURGEL;VINICIUS GURGEL;;;
c339b7a0-1f09-49eb-b2da-7d536a0baa2f;;1979-08-22;178888.0;CARLOS VICTOR GUTERRES MENDES;VICTOR MENDES;;;
cdc486fd-fa90-4ce2-9ac3-1c9e8547e98a;;1985-04-11;137070.0;VICENTE ALVES DE OLIVEIRA JUNIOR;VICENTINHO JÚNIOR;;;
5e385bcb-94be-4940-8335-f09cfe920808;;1956-04-11;189593.0;WADIH NEMER DAMOUS FILHO;WADIH DAMOUS;;;
e3fa9616-712b-43c8-9056-044053fcd89f;;1966-01-07;141555.0;VINICIUS RAPOZO DE CARVALHO;VINICIUS CARVALHO;;;
734dbcd1-eb66-4b24-ac70-c911da6a8ac3;;1975-08-24;160518.0;WELITON FERNANDES PRADO;WELITON PRADO;;;
08188559-f368-4b5d-b2e1-c9fa4b67b3d5;;1956-04-08;74283.0;VICENTE PAULO DA SILVA;VICENTINHO;;;
72545472-9772-4d2a-b11e-4209daadcb53;;1959-11-17;160622.0;VICENTE CÂNDIDO DA SILVA;VICENTE CANDIDO;;;
927e79df-3c9a-4230-bdbb-cabfa2838295;;1971-11-24;141552.0;VALTENIR LUIZ PEREIRA;VALTENIR PEREIRA;;;
c4e54cae-0a61-41f7-aead-7e01a510e443;;1964-04-09;113247.0;VALMIR PRASCIDELLI;VALMIR PRASCIDELLI;;;
6a71baef-158f-4269-b65d-b986bcec389e;;1949-10-15;74010.0;VALDIR COLATTO;VALDIR COLATTO;;;
70ad241b-5add-4830-82aa-a6cce30d038f;;1929-05-17;74308.0;VICENTE FERREIRA DE ARRUDA COELHO;VICENTE ARRUDA;;;
bd150be5-b552-4712-b1f5-10dfba06d9d2;;1970-07-17;178913.0;VENEZIANO VITAL DO RÊGO SEGUNDO NETO;VENEZIANO VITAL DO RÊGO;;;
cf12ea39-cefa-4e29-aa5c-cda24f9431be;;1993-12-11;194340.0;AUDIVAL AMÉLIO DA SILVA NETO;VAL AMÉLIO;;;
3a1fcdeb-6f59-4b90-a8f4-5bdf382f2720;;1964-12-17;160610.0;VALMIR CARLOS DA ASSUNÇÃO;VALMIR ASSUNÇÃO;;;
d463e31b-e886-4ebf-85db-fe6e4590d4e7;;1950-08-31;178934.0;ANTONIO WANDSCHEER;TONINHO WANDSCHEER;;;
c4653838-829e-497b-a26a-3f5a17bacd22;;1975-04-02;195866.0;FRANCISCO VAIDON OLIVEIRA;VAIDON OLIVEIRA;;;
0698edbc-7afe-458c-9a02-538d7f357b13;;1960-04-23;160611.0;ANTÔNIO PINHEIRO JÚNIOR;TONINHO PINHEIRO;;;
f560b04f-8439-4334-ae6c-f2686e605890;;1992-01-30;178863.0;ULDURICO ALENCAR PINTO;ULDURICO JUNIOR;;;
0b1d69e5-2912-4b72-a3e3-65c1d7c2d55b;;1960-03-21;178898.0;SERGIO LUCIO DE ALMEIDA;TENENTE LÚCIO;;;
86d9e3eb-d347-4b47-823e-8bebaf710e41;;1965-05-01;160976.0;FRANCISCO EVERARDO OLIVEIRA SILVA;TIRIRICA;;;
55fde404-e6b1-4455-817e-0271e56dfa88;;1963-04-08;178922.0;FRANCISCO TADEU BARBOSA DE ALENCAR;TADEU ALENCAR;;;
17c7295e-824b-496f-b235-9c26a841aeda;;1980-10-01;141384.0;ANTÔNIO CARLOS VALADARES FILHO;VALADARES FILHO;;;
3537b64c-c2ce-4abe-9a58-4a9dd967b0a3;;1948-04-20;74385.0;HIDEKAZU TAKAYAMA;TAKAYAMA;;;
be2e1629-8047-4097-aa5f-1bb24030402b;;1949-08-27;73831.0;José Augusto da Silva Curvo;TAMPINHA;;;
d2fbf58a-385d-498f-a17a-698a9b9afaed;;1962-05-31;177282.0;LUIZ GONZAGA RIBEIRO;SUBTENENTE GONZAGA;;;
79d1dc88-b446-48fa-bb5b-3368e237d25f;;1976-03-03;92776.0;STEFANO AGUIAR DOS SANTOS;STEFANO AGUIAR;;;
a5254823-ec75-4d71-8c76-0cadd69fa2ca;;1972-06-02;178862.0;ERONILDES VASCONCELOS CARVALHO;TIA ERON;;;
bda06859-ee9d-4566-862d-4edf308703f6;;1967-04-06;178911.0;SIMONE MARIA MORGADO FERREIRA;SIMONE MORGADO;;;
d87242cb-8084-42aa-88a0-0b600c41bc3c;;1935-12-08;73424.0;SIMÃO SESSIM;SIMÃO SESSIM;;;
c7b0f208-8316-4721-9b21-7ed1dd4d6cfe;;1946-06-01;73560.0;SILVIO FRANÇA TORRES;SILVIO TORRES;;;
b6c1f0a1-73db-4745-8204-9ff652978ddb;;1956-12-23;4930.0;SÍLVIO SERAFIM COSTA;SILVIO COSTA;;;
aef3c6ae-a8d9-4ab3-857b-6cee44563d5f;;1958-12-04;178946.0;SORAYA ALENCAR DOS SANTOS;SORAYA SANTOS;;;
de5d5e17-aacc-4e3c-a192-b3b005a7000c;;1962-12-15;74356.0;SILAS CÂMARA;SILAS CÂMARA;;;
d41172e1-44e1-410b-ad9b-a39059c5f5d2;;1974-07-22;160617.0;THIAGO MELLO PEIXOTO DA SILVEIRA;THIAGO PEIXOTO;;;
3386052b-c620-4cef-a856-75e245ddae67;;1958-01-24;160613.0;SEBASTIÃO SIBÁ MACHADO OLIVEIRA;SIBÁ MACHADO;;;
8fd74653-fefb-43d2-b8f1-62244738a39e;;1984-04-11;178961.0;SHÉRIDAN ESTÉRFANY OLIVEIRA DE ANCHIETA;SHÉRIDAN;;;
a5648343-1a60-4282-8d6c-e579b121c77a;;1975-01-16;178947.0;SOSTENES SILVA CAVALCANTE;SÓSTENES CAVALCANTE;;;
b00dfba4-7a85-4913-982a-93934b985012;;1957-05-08;178874.0;ANTONIO SERGIO ALVES VIDIGAL;SERGIO VIDIGAL;;;
bcc8070d-6853-426f-8748-ec700fb17547;;1971-01-30;187008.0;SILAS FREIRE PEREIRA E SILVA;SILAS FREIRE;;;
e5c2e6a8-f90b-41d8-ac0e-039fa75c0cff;;1956-05-18;160612.0;SERGIO ZVEITER;SERGIO ZVEITER;;;
9abc93c7-9a14-46c9-8091-815021bf42f7;;1958-04-27;141542.0;SÉRGIO IVAN MORAES;SÉRGIO MORAES;;;
4c176457-eff6-4694-9906-f3efbbd70dd8;;1952-03-14;167614.0;SEVERINO DE SOUZA SILVA;SEVERINO NINHO;;;
236eae5f-707b-4670-95d2-0feaf4299092;;1971-03-13;178933.0;SERGIO DE SOUZA;SERGIO SOUZA;;;
e8c892f2-f2da-4c4d-a897-d7be5051aa02;;1940-06-23;178991.0;SERGIO BAVINI;SÉRGIO REIS;;;
afc0c78d-ac50-4630-993d-57c01c5c9b59;;1957-06-14;74210.0;JOSÉ SARNEY FILHO;SARNEY FILHO;;;
2693b112-3f84-48af-90ca-28cb87c4630c;;1972-11-25;160621.0;SANDRO ALEX CRUZ DE OLIVEIRA;SANDRO ALEX;;;
a4c28b5a-8387-4e77-8dee-a40e3655883b;;1959-04-28;74372.0;JOÃO SANDES JÚNIOR;SANDES JÚNIOR;;;
3063fa14-ef85-4d4f-adea-e3405adb0353;;1956-02-06;74371.0;RUBENS OTONI GOMIDE;RUBENS OTONI;;;
019bceef-198c-4523-9df7-27c6f799e2f3;;1948-05-23;73466.0;RUBENS BUENO;RUBENS BUENO;;;
242d389b-0cdc-4cad-a82c-38894ad7f4ed;;1952-11-23;178935.0;VALDIR LUIZ ROSSONI;ROSSONI;;;
98c0948c-3ceb-43ef-aae1-e85ace650492;;1952-03-26;74762.0;JOSÉ SARAIVA FELIPE;SARAIVA FELIPE;;;
72830c60-2671-4d34-bf7f-ef5a2343fbd1;;1961-06-08;73808.0;SÉRGIO LUÍS LACERDA BRITO;SÉRGIO BRITO;;;
c71c538b-7d36-49a5-993f-87ba8ab7f21b;;1968-08-31;178921.0;SEBASTIAO IGNACIO DE OLIVEIRA JUNIOR;SEBASTIÃO OLIVEIRA;;;
67e2137b-bf63-461f-ba62-6006695f2895;;1973-04-22;146949.0;ROSEANE CAVALCANTE DE FREITAS ESTRELA;ROSINHA DA ADEFAL;;;
153b2ef8-0434-42e9-a034-e4e43fc6f81a;;1966-12-11;191684.0;ROSANGELA APARECIDA DA SILVA BARROS;ROSÂNGELA CURADO;;;
6f66ea40-59e1-4189-80fc-23d173cf7ed8;;1966-12-27;178945.0;ROSANGELA DE SOUZA GOMES;ROSANGELA GOMES;;;
860c9149-e090-4e92-bb09-ad0d8764fcbc;;1984-03-16;178887.0;RUBENS PEREIRA E SILVA JUNIOR;RUBENS PEREIRA JÚNIOR;;;
fcb6b195-b559-4e4d-a675-cacd00bd1c93;;1963-02-08;178870.0;RÔNEY TANIOS NEMER;RÔNEY NEMER;;;
7c1995e4-4dec-48be-b1c8-0f224542ba7b;;1949-04-25;178845.0;RONALDO AUGUSTO LESSA SANTOS;RONALDO LESSA;;;
4632265f-abf0-4fbc-a2ab-a895ae2bc3c4;;1978-09-17;198963.0;ROGÉRIO SILVA SANTOS;ROGÉRIO SILVA;;;
51a293ac-3ee1-4a95-ba1f-894abe55adbb;;1965-03-19;141536.0;RÔMULO JOSÉ DE GOUVEIA;RÔMULO GOUVEIA;;;
af5dd8dd-af83-48f1-8682-d457bfcfd0ca;;1978-01-21;122466.0;RONALDO MANCHADO MARTINS;RONALDO MARTINS;;;
64fb2464-058e-43fa-a58c-627aedaa215b;;1953-01-27;160651.0;ROGÉRIO MENDONÇA;ROGÉRIO PENINHA MENDONÇA;;;
17a55e16-a13f-47a4-b814-89db6d14a581;;1963-11-26;141535.0;ROGÉRIO SIMONETTI MARINHO;ROGÉRIO MARINHO;;;
a22583b5-4db8-4e61-8834-4581e1a330ff;;1976-11-03;178897.0;RODRIGO OTAVIO SOARES PACHECO;RODRIGO PACHECO;;;
6086bdda-a8c1-4d80-befa-4b135464a802;;1982-08-02;178926.0;RODRIGO RODRIGUES DE SOUZA MARTINS;RODRIGO MARTINS;;;
af506f1a-ac54-40ec-9ef7-37dbc4901ba8;;1970-06-12;74693.0;RODRIGO FELINTO IBARRA EPITÁCIO MAIA;RODRIGO MAIA;;;
e2ba1aec-4455-4272-a56b-6da3a459feca;;1966-04-25;163321.0;RONALDO NOGUEIRA DE OLIVEIRA;RONALDO NOGUEIRA;;;
551df645-567d-4994-b633-864cc65b2697;;1971-07-15;141531.0;RODRIGO BATISTA DE CASTRO;RODRIGO DE CASTRO;;;
0fc881ad-f4a0-43b9-bc53-8587cdbce70e;;1959-04-04;160637.0;RONALDO FONSECA DE SOUZA;RONALDO FONSECA;;;
2fdff796-f474-47d6-93af-97f28bc47c3b;;1974-05-10;88950.0;RODRIGO GARCIA;RODRIGO GARCIA;;;
b0674792-ac53-41f8-b46b-c7a7161a9e89;;1966-11-13;141532.0;RODRIGO SANTOS DA ROCHA LOURES;ROCHA LOURES;;;
d51bb37b-6e70-4037-89d5-df6c8e743a41;;1965-03-16;91208.0;ROBINSON SANTOS ALMEIDA;ROBINSON ALMEIDA;;;
58afa4e2-058d-4bc6-ba9d-d22c09e88513;;1966-06-22;178995.0;ANTONIO ROBERTO RODRIGUES GÓES DA SILVA;ROBERTO GÓES;;;
fddf7a57-ea5b-4205-9b18-130db1530bfa;;1968-10-23;178840.0;WHERLES FERNANDES DA ROCHA;ROCHA;;;
9f01ecc6-c701-42f0-af53-77a81ee1cc2d;;1942-04-20;73805.0;ROBERTO JOÃO PEREIRA FREIRE;ROBERTO FREIRE;;;
d97354c8-b508-4cab-9c5d-aa0bdec85744;;1968-08-30;160426.0;ROGÉRIO SCHUMANN ROSSO;ROGÉRIO ROSSO;;;
4cf36356-ca28-46f7-bf70-1c64b1e15874;;1944-05-24;73674.0;ROBERTO EGÍDIO BALESTRA;ROBERTO BALESTRA;;;
f6e926ee-70a6-40c1-b42b-1d97e4b4c391;;1965-10-18;178920.0;RICARDO TEOBALDO CAVALCANTI;RICARDO TEOBALDO;;;
28032254-47ed-47c8-a8e3-f6fd94d0e909;;1968-08-01;160655.0;RICARDO IZAR JUNIOR;RICARDO IZAR;;;
4f718242-2146-4945-9965-55e67fa893a4;;1966-04-18;160653.0;ROBERTO ALVES DE LUCENA;ROBERTO DE LUCENA;;;
cc43f088-caee-48e9-8d58-8e933bb1b93d;;1959-11-15;73788.0;RICARDO JOSÉ MAGALHÃES BARROS;RICARDO BARROS;;;
0e4c946b-bd04-4af2-88aa-9b68cef43afa;;1951-04-03;141529.0;ROBERTO PEREIRA DE BRITTO;ROBERTO BRITTO;;;
2eca34af-77e8-4987-a3d9-ea316fc99373;;1952-04-17;141472.0;JOSÉ RICARDO ALVARENGA TRIPOLI;RICARDO TRIPOLI;;;
2c151bec-dbb9-43eb-af0d-c77bf53cca9e;;1960-05-27;152610.0;BENEDITO ROBERTO ALVES FERREIRA;ROBERTO ALVES;;;
1d7fb67f-e08e-433c-a02a-ad8ddfca8c18;;1972-09-04;178925.0;REJANE RIBEIRO SOUSA DIAS;REJANE DIAS;;;
184ae212-7bac-42a4-a475-0287bb819721;;1980-04-11;160654.0;RENZO DO AMARAL BRAZ;RENZO BRAZ;;;
a689115b-e230-41af-9201-7886dfd2b7ad;;1939-08-13;73786.0;REINHOLD STEPHANES;REINHOLD STEPHANES;;;
205a5ebd-3cdc-4ec3-92da-154425665f63;;1966-08-07;178960.0;REMIDIO MONAI MONTESSI;REMÍDIO MONAI;;;
44944507-d6f1-4154-818e-7d089f4cb3aa;;1960-10-01;141527.0;RENATO DELMAR MOLLING;RENATO MOLLING;;;
0a763ce3-a14e-4b5e-9205-34635b9dedab;;1982-04-15;178989.0;RENATA HELLMEISTER DE ABREU;RENATA ABREU;;;
872fb2e3-33db-470a-b3ba-c8ed360b0f0a;;1973-04-02;74161.0;REGINALDO LÁZARO DE OLIVEIRA LOPES;REGINALDO LOPES;;;
13a5b77c-2c3d-4044-9c80-1f91350f847a;;1952-04-03;74048.0;RAUL BELENS JUNGMANN PINTO;RAUL JUNGMANN;;;
a2b88193-0107-4795-9a8f-0fb80c42d4e0;;1972-11-20;195581.0;RICARDO ANTONIO BUAINAIN DIAS;RICARDO BENTINHO;;;
383d2e0d-4709-4938-9f02-f5152ef0559c;;1951-03-30;74216.0;RAIMUNDO GOMES DE MATOS;RAIMUNDO GOMES DE MATOS;;;
e1ef7927-e90a-4df0-80ed-c7edde99b3f2;;1986-08-15;178951.0;RAFAEL HUETE DA MOTTA;RAFAEL MOTTA;;;
026c0d58-0886-4496-bf43-bc77662aae50;;1964-10-01;160639.0;MARIA AUXILIADORA SEABRA REZENDE;PROFESSORA DORINHA SEABRA REZENDE;;;
6acae476-1cd6-4991-a56a-b000cdf0ac8a;;1963-07-24;178998.0;TANIA RAQUEL DE QUEIROZ MUNIZ;RAQUEL MUNIZ;;;
3b71f5eb-cd8e-4ba3-8097-c2b82bf54f76;;1963-03-19;170673.0;SERGIO PAULO DE OLIVEIRA;PROFESSOR SÉRGIO DE OLIVEIRA;;;
10678721-e6be-449f-a8ec-78eafee31515;;1945-12-27;80920.0;JOSÉ LUIZ DE FRANÇA PENNA;PENNA;;;
ec02291d-aa1c-497a-b718-773bdbdd6ad1;;1975-05-13;195997.0;POLLYANA FATIMA GAMA SANTOS;POLLYANA GAMA;;;
ee0b2058-6957-444b-b07d-17c329320692;;1985-05-01;178844.0;PEDRO TORRES BRANDÃO VILELA;PEDRO VILELA;;;
149d5d03-3d3f-42c2-8c4c-7262f55f57d3;;1973-06-21;160641.0;MARCIVANIA DO SOCORRO DA ROCHA FLEXA;PROFESSORA MARCIVANIA;;;
0613f7ca-8cdf-4dec-8824-821f085c4001;;1952-10-12;200153.0;GEDEAO TIMOTEO AMORIM;PROF. GEDEÃO AMORIM;;;
7897a8a5-b64e-4fcb-8b81-d8c6a6928d29;;1961-04-30;148134.0;VICTORIO GALLI FILHO;PROFESSOR VICTÓRIO GALLI;;;
bfb77168-d97e-4973-8ef6-4f36e52c564e;;1958-10-29;141445.0;GILBERTO JOSÉ SPIER VARGAS;PEPE VARGAS;;;
26c05b28-d38e-49d5-b8db-e85a8202fe12;;1988-08-15;178912.0;PEDRO OLIVEIRA CUNHA LIMA;PEDRO CUNHA LIMA;;;
a21f02f6-d95f-472d-a313-32a6e5de82ce;;1963-03-10;160604.0;PEDRO FRANCISCO UCZAI;PEDRO UCZAI;;;
ff9114bd-2753-4a2c-ab7e-c68ca05b13a8;;1972-06-29;122158.0;PEDRO PAULO CARVALHO TEIXEIRA;PEDRO PAULO;;;
bf613c9f-c727-48cc-a654-e73c4b211243;;1949-03-02;74449.0;PEDRO FERNANDES RIBEIRO;PEDRO FERNANDES;;;
ea611754-0164-46d8-94a3-9cfd07bae4b1;;1956-02-24;141518.0;PAULO PEREIRA DA SILVA;PAULO PEREIRA DA SILVA;;;
923a63e8-0a08-4f32-8a54-5b7cb6c083ea;;1965-03-19;74400.0;PAULO ROBERTO SEVERO PIMENTA;PAULO PIMENTA;;;
d99451ad-aed9-4e5b-9cab-56bee07df1ef;;1968-02-08;141517.0;PAULO HENRIQUE ELLERY LUSTOSA DA COSTA;PAULO HENRIQUE LUSTOSA;;;
c690b41a-09fa-4042-af79-5f1b05bfe4d2;;1952-11-28;74574.0;PAULO SÉRGIO PARANHOS DE MAGALHÃES;PAULO MAGALHÃES;;;
a5b2fe5f-95c5-4022-9e28-36604560bfde;;1958-08-28;74812.0;PEDRO PINHEIRO CHAVES;PEDRO CHAVES;;;
a7f95e4e-c79a-4b9b-a01f-b2afc8ecd7e2;;1956-04-30;160517.0;PAULO ROBERTO FOLETTO;PAULO FOLETTO;;;
365753a5-fcae-4c4e-a8da-d8e62334e9a1;;1963-01-14;178860.0;PAULO VELLOSO DANTAS AZI;PAULO AZI;;;
a7f7ff16-0696-41ec-80d4-29a1a78d0035;;1981-04-20;193726.0;PAULO EDUARDO LIMA MARTINS;PAULO MARTINS;;;
eb22cf8c-fc73-4bbe-926d-86422257237f;;1955-02-14;160558.0;PAULO ROBERTO FREIRE DA COSTA;PAULO FREIRE;;;
fb8c572a-1daf-41e0-b4c9-4312103f50e5;;1956-03-23;74017.0;PAULO FERNANDO FEIJO TORRES;PAULO FEIJÓ;;;
27b69206-6e13-4da5-8930-2de2eeefb498;;1963-06-21;141516.0;PAULO ABI-ACKEL;PAULO ABI-ACKEL;;;
c34c4e66-a33a-4952-af54-f0808649d76f;;1954-09-24;74095.0;PAUDERNEY TOMAZ AVELINO;PAUDERNEY AVELINO;;;
be8c0ddb-81c5-40de-a181-8b154c9fa5f7;;1952-01-26;74160.0;PATRUS ANANIAS DE SOUSA;PATRUS ANANIAS;;;
bf8be4ee-95b0-48aa-80bd-22b3a837c0b3;;1957-09-15;171617.0;PAULO FERNANDO DOS SANTOS;PAULÃO;;;
aeed4aee-120e-4354-8cd0-9ea9ce42048d;;1937-03-23;74319.0;JOSÉ FRANCISCO PAES LANDIM;PAES LANDIM;;;
afe48029-1b47-49e8-86e6-8156c60756a1;;1962-09-12;160642.0;FRANCISCO EURICO DA SILVA;PASTOR EURICO;;;
6d6dc9a0-50f0-4c67-84ce-5f41140e2905;;1967-08-31;193982.0;LUCIANO FRED BRAGA PENHA;PASTOR LUCIANO BRAGA;;;
c1ca0bde-3968-4258-a755-97c48435d497;;1954-10-03;74399.0;ONYX DORNELLES LORENZONI;ONYX LORENZONI;;;
9858d495-f037-466e-ac5d-70286a6a6e03;;1961-05-06;141488.0;LUIZ PAULO TEIXEIRA FERREIRA;PAULO TEIXEIRA;;;
e90bbb90-d994-4cdb-9ff2-88a207256d40;;1967-02-28;160556.0;JOÃO CARLOS SIQUEIRA;PADRE JOÃO;;;
d04ed77f-75db-48a7-a13b-53a09a0273f6;;1971-05-27;178987.0;ORLANDO SILVA DE JESUS JUNIOR;ORLANDO SILVA;;;
6d2250a2-1470-4e98-aac1-00c0e57214ae;;1961-08-11;178868.0;LUIZ ODORICO MONTEIRO DE ANDRADE;ODORICO MONTEIRO;;;
5af75f2b-17ff-440e-8d23-c96429ee526c;;1969-03-20;180545.0;OSMAR STUART BERTOLDI;OSMAR BERTOLDI;;;
9745b26f-e273-416f-9cb8-b32099237f3c;;1976-06-18;74159.0;ODAIR JOSÉ DA CUNHA;ODAIR CUNHA;;;
47b7b328-af0e-4400-affe-f346881f7277;;1948-05-23;73463.0;OSMAR JOSÉ SERRAGLIO;OSMAR SERRAGLIO;;;
72442655-736d-4c7d-90d7-ddb9169be20d;;1946-05-26;74752.0;ODELMO LEÃO CARNEIRO SOBRINHO;ODELMO LEÃO;;;
6ce50919-8966-4c7e-b8e4-83e8aa17e20a;;1988-01-07;194260.0;NIVALDO FERREIRA DE ALBUQUERQUE NETO;NIVALDO ALBUQUERQUE;;;
197c61ca-d910-419e-af2a-26bd7d62a70c;;1960-02-09;74359.0;NILTON BALBINO;NILTON CAPIXABA;;;
6d9bfd70-bab0-45db-9f29-9e3f55ca9330;;1969-02-25;166401.0;NILSON APARECIDO LEITÃO;NILSON LEITÃO;;;
b3d82f7b-46cf-4487-8eef-72a77470ccb6;;1963-07-31;178986.0;NILTO IGNACIO TATTO;NILTO TATTO;;;
69255beb-35bf-40ee-85e8-f94e3648dd10;;1948-09-17;160566.0;NELSON PADOVANI;NELSON PADOVANI;;;
180b660a-b855-48f5-bda7-8cc27cd4f91f;;1960-12-27;74571.0;NELSON VICENTE PORTELA PELLEGRINO;NELSON PELLEGRINO;;;
3992799b-7af3-43b1-8674-1a798e403050;;1942-07-23;73781.0;NELSON MEURER;NELSON MEURER;;;
2b450075-246c-4239-bab2-df9c3fe1464a;;1971-11-30;160567.0;NELSON MARCHEZAN JÚNIOR;NELSON MARCHEZAN JUNIOR;;;
eb33af1b-564d-4500-a8c8-73d105c74ce9;;1941-10-29;73553.0;NELSON MARQUEZELLI;NELSON MARQUEZELLI;;;
77e652de-4d5d-4492-a8a5-e15704d181ba;;1952-03-25;74352.0;NILSON PINTO DE OLIVEIRA;NILSON PINTO;;;
5a679cce-e155-4e7d-9a83-955620282b3d;;1957-08-29;193069.0;NELSON NAHIM MATHEUS DE OLIVEIRA;NELSON NAHIM ;;;
58cf242b-5bd4-432c-a56f-4ec504b413f6;;1978-06-06;178997.0;MOSES HAENDEL MELO RODRIGUES;MOSES RODRIGUES;;;
477df208-a414-4dcb-b9c5-776599acabe8;;1958-07-04;178859.0;MOEMA ISABEL PASSOS GRAMACHO;MOEMA GRAMACHO;;;
4f948087-649c-45a5-8e4b-705147911ad1;;1956-06-10;74457.0;MORONI BING TORGAN;MORONI TORGAN;;;
b44e71a9-3fb9-4c6d-8b94-8792011cd2f7;;1945-05-27;74862.0;MIRO TEIXEIRA;MIRO TEIXEIRA;;;
879aa805-d44f-401f-941c-c4fefaf4c146;;1959-09-07;66179.0;NORMA AYUB ALVES;NORMA AYUB;;;
d6b42944-185d-46df-b139-0cbb735b88ef;;1963-08-11;195278.0;MOISES DINIZ LIMA;MOISÉS DINIZ;;;
4588c83e-6ff1-4bdc-8587-94b53e5ae6c5;;1957-10-15;178984.0;MIGUEL MOUBADDA HADDAD;MIGUEL HADDAD;;;
80e2b188-61d2-440b-b85b-128ceb14edd4;;1968-06-24;178827.0;MAX FREITAS MAURO FILHO;MAX FILHO;;;
e780fe47-28c0-46a2-9fba-829596d984c1;;1978-06-11;141509.0;MIGUEL CORRÊA DA SILVA JÚNIOR;MIGUEL CORRÊA;;;
711cac88-49b1-4710-ad1a-f1369ae03907;;1959-11-27;178895.0;MISAEL ARTUR FERREIRA VARELLA;MISAEL VARELLA;;;
53eb5470-5b4c-4b26-8bb5-5490b50cf5f1;;1966-07-12;74428.0;JOSÉ MENDONÇA BEZERRA FILHO;MENDONÇA FILHO;;;
b95876ea-0cab-49bf-ab03-cf101c1434be;;1936-05-24;74749.0;MAURO RIBEIRO LOPES;MAURO LOPES;;;
c6d4b219-0ca9-40e1-875f-54f8acd5bfad;;1930-03-21;73588.0;CARLOS MAURO CABRAL BENEVIDES;MAURO BENEVIDES;;;
3a84f507-d4a8-4c7d-ad35-8436bce678d9;;1964-01-08;141507.0;MAURO MARIANI;MAURO MARIANI;;;
b70c9aff-a556-4d48-8a36-ce38da014a51;;1958-09-17;188097.0;MERLONG SOLANO NOGUEIRA;MERLONG SOLANO;;;
5002ead2-9292-4114-8bf5-411d670dc03f;;1959-02-27;181315.0;MARCOS DA ROCHA MENDES;MARQUINHO MENDES;;;
9a3c91fd-a335-445e-b2d5-193001028bac;;1965-11-01;178919.0;MARINALDO ROSENDO DE ALBUQUERQUE;MARINALDO ROSENDO;;;
e03f89bf-c7bf-4f38-a036-24b3819e3e88;;1980-08-31;178858.0;MARIO SILVIO MENDES NEGROMONTE JUNIOR;MÁRIO NEGROMONTE JR.;;;
386c62eb-b51f-4895-b016-1f22fd0f5176;;1971-03-28;74050.0;MAURÍCIO QUINTELLA MALTA LESSA;MAURÍCIO QUINTELLA LESSA;;;
681337e2-9c6a-4b83-adb2-105bcda63757;;1956-12-11;160561.0;JOSÉ OLIMPIO SILVEIRA MORAES;MISSIONÁRIO JOSÉ OLIMPIO;;;
6dd4164a-700d-4a64-9c01-39e20f25d26a;;1979-11-28;178843.0;MARX BELTRÃO LIMA SIQUEIRA;MARX BELTRÃO;;;
7db3d48a-edee-490a-8b9b-657f3f768711;;1949-06-15;64960.0;MARIA HELENA VERONESE RODRIGUES;MARIA HELENA;;;
96ab818b-73d7-4889-ab63-69e09310a2b7;;1950-06-10;171619.0;MARIA MARGARIDA MARTINS SALOMÃO;MARGARIDA SALOMÃO;;;
670968f1-ef58-461e-a03a-a861deb65bdf;;1978-05-16;178943.0;MARCOS BEZERRA RIBEIRO SOARES;MARCOS SOARES;;;
c9860ba8-abb8-45e6-8e79-8f72e9272edb;;1958-09-01;124411.0;MAURO PEREIRA;MAURO PEREIRA;;;
484ced43-9ce2-4225-9f7a-f5cd7693c6ae;;1966-11-22;74398.0;MARIA DO ROSÁRIO NUNES;MARIA DO ROSÁRIO;;;
7de8a2aa-79a3-4c42-ba3e-a0d03f51923b;;1954-04-28;74235.0;MARCUS ANTÔNIO VICENTE;MARCUS VICENTE;;;
bd357053-dcdd-4777-b25d-fd93f2fe1f4f;;1986-11-26;178956.0;MARIANA FONSECA RIBEIRO CARVALHO DE MORAES;MARIANA CARVALHO;;;
aa9e8f4f-2cdd-448d-b20d-bd36d20c9476;;1978-07-07;167722.0;MARCOS ROGÉRIO DA SILVA BRITO;MARCOS ROGÉRIO;;;
31316b72-371b-4ea6-97e0-1d28ad8364fd;;1967-03-11;178850.0;MARCOS SERGIO ROTTA;MARCOS ROTTA;;;
018d009f-480f-41c3-bcda-7aeeabfe884f;;1949-08-03;141500.0;MARCOS MONTES CORDEIRO;MARCOS MONTES;;;
ef1de1c7-b169-4316-a05f-7b736da28f2e;;1965-12-27;133373.0;MARCO AURÉLIO SPALL MAIA;MARCO MAIA;;;
c661c007-75c4-47d3-880e-b5f79a21d12b;;1964-09-21;160535.0;DIONILSO MATEUS MARCON;MARCON;;;
23b7dd5c-fc40-4619-bebf-febe952a4800;;1946-06-30;74634.0;MARCOS ANTONIO MEDRADO;MARCOS MEDRADO;;;
75fd6638-b0a9-4086-89ec-fe248676f3d4;;1991-05-07;178942.0;MARCO ANTONIO NEVES CABRAL;MARCO ANTÔNIO CABRAL;;;
e088151e-471b-432f-b47e-3463e79fa4dd;;1943-06-23;74470.0;MARCONDES IRAN BENEVIDES GADELHA;MARCONDES GADELHA;;;
ec9fb26b-06b0-4e7d-ae9a-970252359430;;1956-11-21;178899.0;MARCIO CAMPOS MONTEIRO;MARCIO MONTEIRO;;;
170c34ab-a935-4319-a3f3-4bc746b74bd7;;1970-12-12;150418.0;MÁRCIO CARLOS MARINHO;MÁRCIO MARINHO;;;
58033ba5-9752-4747-a627-8f9f7e35cc30;;1958-01-31;160536.0;MARCO ANTONIO TEBALDI;MARCO TEBALDI;;;
80d34a97-0000-440a-8368-271391fe215f;;1969-06-14;178983.0;MARCIO LUIZ ALVINO DE SOUZA;MARCIO ALVINO;;;
91346423-d686-4908-bc89-712ee31e47b5;;1968-05-26;76287.0;MARCELO VIVIANI GONÇALVES;MARCELO MATOS;;;
ee9fad9e-152d-4e89-9b3d-eab0165c30a6;;1980-07-10;195826.0;MARCELO JANDRE DELAROLI;MARCELO DELAROLI;;;
b05fca5c-1a39-4353-b1e1-d0bcdab1e9bc;;1960-06-13;159238.0;MARCUS VINÍCIUS CAETANO PESTANA DA SILVA;MARCUS PESTANA;;;
6641ea98-f0f0-4791-abb6-6a64bbfc4a7c;;1960-10-06;178852.0;MARCOS JOSE REATEGUI SOUZA;MARCOS REATEGUI;;;
7aeee2ef-1887-416e-b04b-6f23cf7c46ff;;1979-05-23;179001.0;MARCIO DELLA VALLE BIOLCHI;MÁRCIO BIOLCHI;;;
7809e20c-b28c-4013-bda7-13266213bc6b;;1950-06-09;74460.0;MARCELO COSTA E CASTRO;MARCELO CASTRO;;;
916ba8b8-6896-4501-b094-5304fd332271;;1971-07-22;178932.0;MARCELO BELINATI MARTINS;MARCELO BELINATI;;;
59ea183e-c5c4-4512-8edc-d74ee31617f1;;1974-02-16;179000.0;MARCELO HENRIQUE TEIXEIRA DIAS;MARCELO ÁLVARO ANTÔNIO;;;
898ab897-5a4f-4b98-b905-4b66b89a4008;;1967-09-14;118594.0;MARCELO SQUASSONI;MARCELO SQUASSONI;;;
fb5fca6c-77dd-430b-9518-81d9778ef7b1;;1962-03-20;178826.0;SERGIO OLIMPIO GOMES;MAJOR OLIMPIO;;;
d2fad348-cc18-4efe-b3ca-c87025d2c61d;;1973-09-16;160660.0;MARCELO THEODORO DE AGUIAR;MARCELO AGUIAR;;;
a3de8d28-fc10-417f-94a3-e288532acd5e;;1948-10-26;166402.0;MAGDA MOFATTO HON;MAGDA MOFATTO;;;
24485465-1f9c-4170-97ea-64525c56c789;;1974-07-31;151965.0;JOSÉ DE ANDRADE MAIA FILHO;MAIA FILHO;;;
d2eaf71f-8245-4a1b-98c7-393c32ad0241;;1964-11-30;160633.0;LUIZ HENRIQUE MANDETTA;MANDETTA;;;
cbe0e854-0cc5-41da-b1c2-5f0366d9dfa6;;1960-05-28;178867.0;JOSE MARIA MACEDO JUNIOR;MACEDO;;;
71a05209-b982-44e1-bbbb-df5f3f9e7750;;1951-08-09;198198.0;LUZIA MARIA FERREIRA;LUZIA FERREIRA;;;
27d65c1f-60b7-4d09-9737-d4fde7e9e3ca;;1968-11-18;178866.0;LUIZIANNE DE OLIVEIRA LINS;LUIZIANNE LINS;;;
1ba7f91e-f460-4330-ba46-61b84a6a67b3;;1967-09-28;160565.0;MARA CRISTINA GABRILLI;MARA GABRILLI;;;
e90ec80a-90ed-4d89-9e66-3341de786f48;;1934-11-30;74784.0;LUIZA ERUNDINA DE SOUSA;LUIZA ERUNDINA;;;
1fb9b030-43da-4e71-8cd7-c88766990032;;1964-02-21;141490.0;MANOEL ALVES DA SILVA JUNIOR;MANOEL JUNIOR;;;
0cebc662-55fd-47c5-b19a-52fb6d5cbf7a;;1960-08-21;178955.0;LUIZ CLAUDIO PEREIRA ALVES;LUIZ CLÁUDIO;;;
55c86897-7642-411a-b987-d40a52482969;;1951-06-08;178802.0;LUIZ CARLOS RAMOS;LUIZ CARLOS RAMOS ;;;
80ca49e7-97e1-43df-b656-802cd3946dac;;1958-04-09;74688.0;LUIZ SÉRGIO NÓBREGA DE OLIVEIRA;LUIZ SÉRGIO;;;
f6c87df2-105f-4886-b5b4-7aebb4e99bd9;;1948-11-06;141485.0;LUIZ CARLOS GHIORZZI BUSATO;LUIZ CARLOS BUSATO;;;
828c1f19-1b0e-4a4c-a6ae-e7fae6f3fcdb;;1950-10-08;73778.0;LUIZ CARLOS JORGE HAULY;LUIZ CARLOS HAULY;;;
56ced610-3a3d-4882-92e7-97463706fd49;;1971-07-23;160510.0;LUIS HENRIQUE DE OLIVEIRA RESENDE;LUIS TIBÉ;;;
5ca40552-303b-4d52-bbdd-69fa3c289553;;1969-07-23;178954.0;LUCIO ANTONIO MOSQUINI;LUCIO MOSQUINI;;;
60a9ecde-f162-435a-b97f-3c31a954efd1;;1955-03-23;178931.0;LUCIANO DUCCI;LUCIANO DUCCI;;;
415cace3-12a5-434f-b729-eb0ecc07dd36;;1962-11-19;94931.0;LÚCIO QUADROS VIEIRA LIMA;LUCIO VIEIRA LIMA;;;
31903233-0d33-4fd9-9c32-33a06710ef29;;1949-04-09;162332.0;LUIZ HILOSHI NISHIMORI;LUIZ NISHIMORI;;;
64eef1d1-ba59-4a58-9730-b197dc6186a9;;1972-12-27;141484.0;LÚCIO DUTRA VALE;LÚCIO VALE;;;
505b8703-cf3c-4e54-816d-16d8334d9328;;1945-02-13;74041.0;LUIZ ALBUQUERQUE COUTO;LUIZ COUTO;;;
f0de0283-fd9f-4a39-a966-48864531cad4;;1944-11-29;74478.0;Luciano Caldas Bivar;LUCIANO BIVAR;;;
ff983966-a102-42bb-ac2d-b3c171741236;;1950-09-14;73483.0;LUIS CARLOS HEINZE;LUIS CARLOS HEINZE;;;
48687c9a-de27-4884-8fae-8f6f75077ca6;;1955-07-22;196358.0;LOURIVAL GOMES DE ALMEIDA;LOURIVAL GOMES;;;
af51933b-e7b8-4368-a7f3-db1f14a0e320;;1965-12-29;160628.0;LUCIANA BARBOSA DE OLIVEIRA SANTOS;LUCIANA SANTOS;;;
c9f5587f-cf1c-46c8-a038-9ec11c182c64;;1957-06-18;74277.0;ANTONIO ADOLPHO LOBBE NETO;LOBBE NETO;;;
dc898628-fc22-4b90-87a2-62cc60111c4b;;1949-11-29;160663.0;LEOPOLDO COSTA MEYER;LEOPOLDO MEYER;;;
cc262de7-6f77-4c1b-bad1-7385d4bdf0e5;;1975-04-01;141482.0;LEONARDO LEMOS BARROS QUINTÃO;LEONARDO QUINTÃO;;;
f059e4fb-25c9-4f17-861a-aca8a4087a53;;1979-04-13;178825.0;LEONARDO CUNHA DE BRITO;LEO DE BRITO;;;
27cb99ed-e41a-4c16-a0f6-5eb3687d7fc3;;1969-10-18;141483.0;LINDOMAR BARBOSA ALVES;LINDOMAR GARÇON;;;
08d6696b-cdb8-45f5-9c09-c79235530fdb;;1953-11-03;74585.0;LINCOLN DINIZ PORTELA;LINCOLN PORTELA;;;
49baf206-96cc-4963-b436-875033dfd8b7;;1951-10-09;74156.0;JOSÉ LEONARDO COSTA MONTEIRO;LEONARDO MONTEIRO;;;
d6dd3a03-239b-4c37-9b60-32ebd35ecda1;;1975-12-20;178832.0;LEANDRE DAL PONTE;LEANDRE;;;
09d4048c-df71-445b-a315-c28eb1dd3386;;1957-06-03;74299.0;JOSÉ LEÔNIDAS DE MENEZES CRISTINO;LEÔNIDAS CRISTINO;;;
6edf9367-077e-4e77-bea9-5f7c6df24830;;1962-07-16;178894.0;LAUDIVIO ALVARENGA CARVALHO;LAUDIVIO CARVALHO;;;
6d8974de-b74f-42a4-a260-a2065b90ba51;;1947-02-11;141480.0;LÁZARO BOTELHO MARTINS;LÁZARO BOTELHO;;;
8b7604e4-4d89-449b-aec9-04ec74e103c7;;1956-09-28;160659.0;IOLANDA KEIKO MIASHIRO OTA;KEIKO OTA;;;
cbf579e9-bdca-44e6-9633-9de0c4b10cc7;;1954-06-21;141562.0;WELINGTON COIMBRA;LELO COIMBRA;;;
7271d17b-fef1-4b39-ab49-db98d2a09cb7;;1955-10-14;74570.0;JUTAHY MAGALHÃES JÚNIOR;JUTAHY JUNIOR;;;
ddf8f745-9d73-4bbb-a540-ba9c72c43c78;;1954-05-01;141478.0;LAERTE RODRIGUES DE BESSA;LAERTE BESSA;;;
b12e9675-4a16-4dae-a320-2d0896288b1f;;1984-11-06;178886.0;JOSE JUSCELINO DOS SANTOS REZENDE FILHO;JUSCELINO FILHO;;;
05c5f810-df1c-4bae-8476-7a89252e06c1;;1940-12-15;160544.0;JUNJI ABE;JUNJI ABE;;;
d09ebab4-9a44-4c56-bca1-04eb6143d582;;1979-11-06;74254.0;LEONARDO CARNEIRO MONTEIRO PICCIANI;LEONARDO PICCIANI;;;
83c8d79e-ae68-42ce-a1ec-af2186a93bbb;;1959-04-15;151208.0;LAERCIO JOSÉ DE OLIVEIRA;LAERCIO OLIVEIRA;;;
94ed6a79-7705-481a-857a-c230893dfdb0;;1959-04-06;74253.0;JULIO LUIZ BAPTISTA LOPES;JULIO LOPES;;;
768e030a-17e8-4d5d-b801-114524e133fc;;1960-04-11;67312.0;JULIA MARIA GODINHO DA CRUZ MARINHO;JÚLIA MARINHO;;;
aa587dd2-8931-4000-8827-8d0a96390ad3;;1948-08-25;74317.0;JÚLIO CÉSAR DE CARVALHO LIMA;JÚLIO CESAR;;;
3ac0e321-edb1-4cb1-a10e-3b3cb4907223;;1944-05-27;74351.0;JOSUÉ BENGTSON;JOSUÉ BENGTSON;;;
dbd6c6f0-244a-4498-9467-aae7842d7b15;;1983-11-14;178918.0;KAIO CESAR DE MOURA MANICOBA NOVAES FERRAZ;KAIO MANIÇOBA;;;
7d1e5d4b-1828-484e-ab29-5f08712c2773;;1951-06-04;73666.0;JOVAIR DE OLIVEIRA ARANTES;JOVAIR ARANTES;;;
17abaab1-3d31-4a42-a426-d496764cf962;;1957-08-11;160607.0;JOSE LUIZ STÉDILE;JOSE STÉDILE;;;
11fc57dc-d700-4928-993a-d907720e180d;;1966-11-18;73586.0;JÚLIO CÉSAR DELGADO;JÚLIO DELGADO;;;
0177472e-06b0-448d-84ba-494ac45efca3;;1970-03-02;178885.0;ANTONIO DA CRUZ FILGUEIRA JUNIOR;JUNIOR MARRECA;;;
d8868f4e-64d2-4815-92b2-b4e1bf8477a3;;1939-03-19;73714.0;José Reinaldo Carneiro Tavares;JOSÉ REINALDO;;;
c2957e30-5fc5-4395-978a-dfc0787bff40;;1946-10-01;141474.0;JULIÃO AMIN CASTRO;JULIÃO AMIN;;;
5604b4ab-c2cc-4eae-8880-bbc9c07e0dd1;;1956-10-14;74141.0;JOSIAS GOMES DA SILVA;JOSIAS GOMES;;;
cbd3e10f-befd-4980-99ba-52e41b540121;;1962-05-10;114941.0;JOSINIANE BRAGA NUNES;JOSI NUNES;;;
ef275957-ca06-424f-855d-331148e7826b;;1963-12-02;74079.0;JOSÉ BENITO PRIANTE JÚNIOR;JOSÉ PRIANTE;;;
3df2b21d-ca9c-475f-92d0-cfe8d0b3bf58;;1950-12-18;160619.0;JOSÉ NUNES SOARES;JOSÉ NUNES;;;
2e68f685-a86b-4632-9134-1fb18ece25f5;;1959-02-13;141470.0;JOSÉ NOBRE GUIMARÃES;JOSÉ GUIMARÃES;;;
ad47848b-d138-423c-a7c5-e0d9a6f8192a;;1962-04-21;74395.0;JOSÉ OTÁVIO GERMANO;JOSÉ OTÁVIO GERMANO;;;
87c348e4-2795-4bab-9f85-cf18a5d02c8d;;1944-12-21;74140.0;JOSÉ CARLOS LEÃO DE ARAÚJO;JOSÉ CARLOS ARAÚJO;;;
0b20910f-e5c8-40d8-8315-694a9cbd87c7;;1956-07-15;160509.0;JORGINHO DOS SANTOS MELLO;JORGINHO MELLO;;;
61500541-4d02-469b-ad75-5a2c044c3342;;1955-01-03;73535.0;JORGE TADEU MUDALEN;JORGE TADEU MUDALEN;;;
deef33ed-7326-46d4-ad50-37232d289367;;1948-08-18;74554.0;JOSÉ ALVES ROCHA;JOSÉ ROCHA;;;
b33d646b-2694-4969-ac9d-04e88cc7a4da;;1947-01-13;131966.0;José Alberto Fogaça de Medeiros;JOSÉ FOGAÇA;;;
ff3be8dc-c759-4227-b264-6072197fd76b;;1955-11-05;74388.0;JORGE CATARINO LEONARDELI BOEIRA;JORGE BOEIRA;;;
430d6fe1-8134-490d-85f4-62aa9cb2e526;;1961-04-11;178857.0;JORGE JOSE SANTOS PEREIRA SOLLA;JORGE SOLLA;;;
69a4f830-fd74-4778-a318-78c033fb9593;;1951-05-09;160572.0;JORGE WICKS CÔRTE REAL;JORGE CÔRTE REAL;;;
a15e98d9-5dad-4324-a704-872a3ec3be90;;1948-09-30;74275.0;JOSÉ MENTOR GUILHERME DE MELLO NETTO;JOSÉ MENTOR;;;
ef88b2a3-a483-4e9e-8f0a-042a3492f1da;;1967-03-23;160571.0;JOÃO RODRIGUES;JOÃO RODRIGUES;;;
b83d841d-8b61-4430-84fa-fb62464c1913;;1958-07-28;178988.0;JOAO PAULO TAVARES PAPA;JOÃO PAULO PAPA;;;
d0c2f528-5304-4298-a13b-1a0df6216067;;1977-09-30;178971.0;JONY MARCOS DE SOUZA ARAUJO;JONY MARCOS;;;
b5479454-154d-49c5-a411-2b8c27149591;;1961-12-02;178910.0;JOAQUIM PASSARINHO PINTO DE SOUZA PORTO;JOAQUIM PASSARINHO;;;
aba76689-3af6-406b-9266-138eeb70f591;;1972-12-19;178967.0;JOAO PAULO KARAM KLEINUBING;JOÃO PAULO KLEINÜBING;;;
b9b0b1f6-f126-4745-8f2a-1459e9de0b60;;1973-11-11;112437.0;JOÃO MARCELO SANTOS SOUZA;JOÃO MARCELO SOUZA;;;
5ac68b0d-d463-4151-8c9c-d474a5dbb4f5;;1967-08-22;178970.0;JOAO SOMARIVA DANIEL;JOÃO DANIEL;;;
fa83e7ab-73d1-4129-a4cc-6937398f67d4;;1972-10-08;141458.0;JOÃO CARLOS PAOLILO BACELAR FILHO;JOÃO CARLOS BACELAR;;;
a8320577-9c02-4499-82cf-9674c0fead7a;;1962-12-28;74366.0;JOÃO CAMPOS DE ARAÚJO;JOÃO CAMPOS;;;
8b7d1c93-c6c5-4e6d-b2de-93a4c5d09a8e;;1971-11-20;194262.0;JONES ALEXANDRE MARTINS;JONES MARTINS;;;
586f3917-5dda-4f38-a305-07e2d40df0ec;;1976-05-22;160573.0;JOÃO JOSÉ DE ARRUDA JÚNIOR;JOÃO ARRUDA;;;
8dcb593a-7083-47bb-8ea7-4114ed8603ae;2016-12-11;1937-10-19;74445.0;JOÃO CASTELO RIBEIRO GONÇALVES;JOÃO CASTELO;;;
87309da7-a1b7-49ea-af47-9a034d3a998b;;1946-08-09;141503.0;MARIA DO SOCORRO JÔ MORAES;JÔ MORAES;;;
b29a1633-7fcf-458b-b3b1-04e04ae2f2af;;1987-07-22;178842.0;JOAO HENRIQUE HOLANDA CALDAS;JHC;;;
e22525c9-6ff7-4e0d-8dc0-9a05a8ad4d37;;1958-07-06;178856.0;JOAO GUALBERTO VASCONCELOS;JOÃO GUALBERTO;;;
fffd7fbd-bcad-484a-b237-b7d6c22847fc;;1980-11-28;178839.0;JESSICA ROJAS SALES;JÉSSICA SALES;;;
c42ba4c3-eb25-4618-8c6e-c39f2fca8d4b;;1983-09-03;160531.0;JOHNATHAN PEREIRA DE JESUS;JHONATAN DE JESUS;;;
216e1c45-0baf-4caf-9961-2e075aedd7a7;;1964-10-26;74273.0;JEFFERSON ALVES DE CAMPOS;JEFFERSON CAMPOS;;;
86e78af8-6454-4683-a807-9cd436dd6f9d;;1942-08-23;131943.0;Jarbas de Andrade Vasconcelos;JARBAS VASCONCELOS;;;
22390617-8e76-40de-b1e9-e8ae25038ff6;;1955-03-21;74847.0;JAIR MESSIAS BOLSONARO;JAIR BOLSONARO;;;
e8b3467d-ab12-4846-8338-e25fd8bc2da6;;1953-06-17;74665.0;JAIME MARTINS FILHO;JAIME MARTINS;;;
434624d9-87a5-428c-880a-be1058b936cf;;1974-03-10;160672.0;JEAN WYLLYS DE MATOS SANTOS;JEAN WYLLYS;;;
0d3e39a0-3462-4f3b-979e-469bc2e49b95;;1976-01-20;160570.0;JERÔNIMO PIZZOLOTTO GOERGEN;JERÔNIMO GOERGEN;;;
ba67cbc5-ed65-4d37-9024-bd6a45183a5b;;1946-07-05;73531.0;IVAN VALENTE;IVAN VALENTE;;;
fc293d61-e1c1-4bde-8c12-15693de65c43;;1961-07-26;196378.0;IZAQUE JOSE DA SILVA;IZAQUE SILVA;;;
79864b9a-c1cc-4244-8c61-a2fc28504ce2;;1966-11-04;178855.0;ANTONIO LAZARO SILVA;IRMÃO LAZARO;;;
0259d6a1-5608-4c59-a585-0a3cfeb5e315;;1956-04-07;4931.0;IZALCI LUCAS FERREIRA;IZALCI LUCAS;;;
8634cd1d-5eb2-4ce1-b32e-d869ced1ef65;;1970-10-20;141389.0;ANTONIO PEDRO INDIO DA COSTA;INDIO DA COSTA;;;
4c90f154-beb4-46fd-b262-2165850899e1;;1983-02-03;81232.0;IRAJÁ SILVESTRE FILHO;IRAJÁ ABREU;;;
1a856047-8ea5-4cf1-8233-ca0313b198c8;;1945-10-20;194592.0;ILDON MARQUES DE SOUZA;ILDON MARQUES;;;
506bd908-b60f-4864-9d64-58110734fd45;;1966-04-23;67138.0;IRACEMA MARIA PORTELLA NUNES NOGUEIRA LIMA;IRACEMA PORTELLA;;;
d8cb3a2a-6e4e-49bd-9102-bf7119051ec3;;1978-02-06;160596.0;HEULER ABREU CRUVINEL;HEULER CRUVINEL;;;
5322b1a0-439a-42c2-a5ea-6c6f70395081;;1989-09-11;160674.0;HUGO MOTTA WANDERLEY DA NÓBREGA;HUGO MOTTA;;;
eda1c76c-08cf-4f4e-a0f9-fb53354784d4;;1950-08-01;97707.0;HERÁCLITO DE SOUSA FORTES;HERÁCLITO FORTES;;;
3bd8d03c-be1a-47e1-988b-47828c522022;;1962-08-06;141450.0;HUGO LEAL MELO DA SILVA;HUGO LEAL;;;
f4a5921c-9f7b-4176-a94a-96996b979c9a;;1956-08-04;178981.0;HERCULANO CASTILHO PASSOS JUNIOR;HERCULANO PASSOS;;;
2eeaf9c2-537e-4b3b-a18e-e83180c26ce8;;1958-04-25;73772.0;HERMES PARCIANELLO;HERMES PARCIANELLO;;;
893e009e-a971-403f-86a7-ac5dcf197f9d;;1960-04-22;178884.0;HILDO AUGUSTO DA ROCHA NETO;HILDO ROCHA;;;
70825e89-8f53-4af7-a7a9-caf435526fdc;;1980-08-02;178849.0;HISSA NAGIB ABRAHAO FILHO;HISSA ABRAHÃO;;;
74f99559-defd-4519-8678-65114e534908;;1962-03-25;178964.0;HEITOR JOSE SCHUCH;HEITOR SCHUCH;;;
e48da2c7-36c4-430b-912b-71fa3c909cfe;;1964-03-08;178873.0;HELDER IGNACIO SALOMAO;HELDER SALOMÃO;;;
f185b176-4efb-4fa5-966f-22c116a435df;;1982-10-14;160667.0;GUILHERME MUSSI FERREIRA;GUILHERME MUSSI;;;
4a14500f-eff5-45db-a05b-c4ce768b5be7;;1957-12-09;178909.0;HELIO LEITE DA SILVA;HÉLIO LEITE;;;
2e12915f-6c39-49bb-8d7e-e3d2ca618e2d;;1953-12-23;178980.0;ANTONIO GOULART DOS REIS;GOULART;;;
a9c4ae04-0d34-4cac-955f-71662ccf509a;;1960-01-18;73482.0;HENRIQUE FONTANA JÚNIOR;HENRIQUE FONTANA;;;
b5a06a77-ee25-4f9b-a99a-1be347b47553;;1946-04-26;74419.0;LUIZ GONZAGA PATRIOTA;GONZAGA PATRIOTA;;;
f9325c76-87ec-4f27-9a53-fe4f13a31267;;1969-10-28;178872.0;GIVALDO VIEIRA DA SILVA;GIVALDO VIEIRA;;;
24689a93-609f-48d6-822b-59b47c171844;;1962-04-28;194259.0;GUILHERME CRUZ DE SOUZA COELHO;GUILHERME COELHO;;;
b09be9bc-b9d5-4657-855d-4b0352f1b507;;1957-01-14;178878.0;GIUSEPPE VECCI;GIUSEPPE VECCI;;;
fc8be6cd-4392-4c71-ae68-157f0b77216f;;1957-10-14;74558.0;GIVALDO DE SÁ GOUVEIA;GIVALDO CARIMBÃO;;;
4e884a18-1409-4e50-b0f5-a90e9e441053;;1957-04-10;178996.0;GIOVANI BATISTA FELTES;GIOVANI FELTES;;;
c8007469-7783-447b-8c91-afd1f2a80798;;1970-12-17;74383.0;FERNANDO LÚCIO GIACOBO;GIACOBO;;;
4660cf2c-9286-4687-83bf-cff70b3a6c4c;;1956-07-09;74270.0;GILBERTO NASCIMENTO SILVA;GILBERTO NASCIMENTO;;;
9027259f-e3b5-4f0b-9a08-79bfda5828e5;;1952-04-10;129618.0;MARIA GORETE PEREIRA;GORETE PEREIRA;;;
9c277169-9b8b-4b2a-b9b6-7843b9f9da5e;;1972-03-30;178966.0;GEOVANIA DE SA RODRIGUES;GEOVANIA DE SÁ;;;
de2725ff-e1e7-4c64-8066-86e11e9fe9f7;;1983-06-06;129037.0;GABRIEL GUIMARÃES DE ANDRADE;GABRIEL GUIMARÃES;;;
0d211f58-61f3-4ba6-855f-71477b0c450a;;1955-04-20;74374.0;GERALDO RESENDE PEREIRA;GERALDO RESENDE;;;
9ac1a3b0-78d2-439a-950c-b8ae3cef8a9e;;1960-06-23;160673.0;GIOVANI CHERINI;GIOVANI CHERINI;;;
693cc36c-5c9b-42c2-bfae-e76858232c57;;1971-06-11;141441.0;GEORGE HILTON DOS SANTOS CECÍLIO;GEORGE HILTON;;;
6b0d5938-41f1-4c69-ad1e-f0642b5c728b;;1963-03-13;160669.0;GENECIAS MATEUS NORONHA;GENECIAS NORONHA;;;
91894fa3-82f1-432b-a3a9-4de4da2385fb;;1971-11-13;178978.0;FLAVIO AUGUSTO DA SILVA;FLAVINHO;;;
1a91f188-e981-448e-b733-a5f75025f061;;1968-12-28;160676.0;FERNANDO DANTAS TORRES;FERNANDO TORRES;;;
18c7a3d5-b539-41d9-9187-77f159e23293;;1949-11-17;141434.0;FLAVIANO FLÁVIO BAPTISTA DE MELO;FLAVIANO MELO;;;
2c875c02-f6be-4159-af40-d348c47550e3;;1959-09-21;160677.0;FRANCISCO FLORIANO DE SOUSA SILVA;FRANCISCO FLORIANO;;;
e8b3ad0f-a9f5-4d11-990f-4a8b6ff397d9;;1976-09-17;92699.0;FERNANDO MONTEIRO DE ALBUQUERQUE;FERNANDO MONTEIRO;;;
9838c4d2-623c-45a9-970c-71a881c07e16;;1952-06-23;163831.0;FERNANDO ANTÔNIO CECILIANO JORDÃO;FERNANDO JORDÃO;;;
90ee0f31-5e30-416a-b524-2105e92fe1d2;;1973-04-04;186775.0;FRANKLIN ROBERTO DE LIMA SOUZA;FRANKLIN;;;
4741ed10-4393-4967-8922-77c90bdcec88;;1984-02-28;141431.0;FERNANDO BEZERRA DE SOUZA COELHO FILHO;FERNANDO COELHO FILHO;;;
6c23d519-8090-411e-8aa2-605b21cf54f5;;1969-08-18;160587.0;FÁBIO RICARDO TRAD;FÁBIO TRAD;;;
3f8c9516-7cae-42b7-9b1e-3b2f495b3f37;;1973-12-07;141429.0;FELIPE CATALÃO MAIA;FELIPE MAIA;;;
88c627b9-416b-4274-b918-0df57e525694;;1956-07-31;73481.0;FERNANDO STEPHAN MARRONI;FERNANDO MARRONI;;;
48ced01a-b618-4314-8231-acf12757148c;;1969-04-26;160598.0;FLÁVIA CARREIRO ALBUQUERQUE MORAIS;FLÁVIA MORAIS;;;
dc1d858b-f31c-4fd2-bdc7-4edb537eee14;;1978-12-26;141430.0;FELIPE LEONE BORNIER DE OLIVEIRA;FELIPE BORNIER;;;
4b1e3baa-2862-4408-93be-fb932e55c0fe;;1975-04-16;72442.0;FELIPE AUGUSTO LYRA CARRERAS;FELIPE CARRERAS;;;
60ca1f38-b961-4c81-b00f-d76d5aed1a7e;;1982-09-11;178877.0;FABIO FERNANDES DE SOUSA;FÁBIO SOUSA;;;
edf32f6c-c39c-4331-8ba6-51d49a59b801;;1963-11-29;160666.0;FELIX DE ALMEIDA MENDONÇA JÚNIOR;FÉLIX MENDONÇA JÚNIOR;;;
2d752cc2-d443-4768-b752-33678868fa17;;1961-12-22;141427.0;FÁBIO AUGUSTO RAMALHO DOS SANTOS;FÁBIO RAMALHO;;;
f23c1d52-1aa8-4099-98f9-bb9d6465561f;;1977-04-15;171623.0;FABIO DE ALMEIDA REIS;FABIO REIS;;;
f84ecb6c-e92c-4882-9843-003051be682e;;1955-02-25;178941.0;EZEQUIEL CORTAZ TEIXEIRA;EZEQUIEL TEIXEIRA;;;
94d0868b-83d0-4d6b-83ad-6f0b829b5f5e;;1977-06-29;178905.0;FABIO PAULINO GARCIA;FABIO GARCIA;;;
706fd0ee-b568-448e-84bd-bc42c668a39e;;1974-08-25;146829.0;FABIANO TAQUES HORTA;FABIANO HORTA;;;
cd17c3fd-0140-461d-b5ee-efd2affd5b5f;;1988-10-05;178953.0;EXPEDITO GONCALVES FERREIRA NETTO;EXPEDITO NETTO;;;
70a94318-a254-4d66-9585-f539f30f75fb;;1977-02-24;178969.0;FABIO CRUZ MITIDIERI;FÁBIO MITIDIERI;;;
76563ffb-1923-4029-92e2-36fefbfd0663;;1963-10-28;178904.0;EZEQUIEL ANGELO FONSECA;EZEQUIEL FONSECA;;;
b050ba0b-d604-4203-b521-2d01191979df;;1977-09-01;141428.0;FÁBIO SALUSTINO MESQUITA DE FARIA;FÁBIO FARIA;;;
d8891d3f-e9d9-4172-8b22-972834935e79;;1973-03-03;178930.0;EVANDRO ROGERIO ROMAN;EVANDRO ROMAN;;;
235f6d78-3cac-4f32-a074-8bbe87207b93;;1977-02-27;178883.0;ELIZIANE PEREIRA GAMA MELO;ELIZIANE GAMA;;;
52953156-f626-447a-bee1-4f78daa430e0;;1971-05-20;160640.0;EROS FERREIRA BIONDINI;EROS BIONDINI;;;
2f76bf90-84ad-4159-a2ce-2067408c9f61;;1980-09-11;178828.0;EVANDRO HERRERA BERTONE GUSSI;EVANDRO GUSSI;;;
e2d14a77-be39-4120-901d-0e8b757d6f2b;;1957-08-15;160575.0;ÉRIKA JUCÁ KOKAY;ERIKA KOKAY;;;
2faf0164-5bb5-4015-a25d-6543e85806fb;;1961-03-27;132504.0;ENIO JOSÉ VERRI;ENIO VERRI;;;
35f4f858-1c3c-4cd4-a010-1a31e81c2696;;1965-01-29;99654.0;ERIVELTON LIMA SANTANA;ERIVELTON SANTANA;;;
6661deb9-1281-4b24-833f-11bb9895e63a;;1970-07-06;178854.0;ELMAR JOSE VIEIRA NASCIMENTO;ELMAR NASCIMENTO;;;
5daa2f11-b281-4441-bb1d-3c2dcb5d4ebf;;1976-01-13;160532.0;ADRIANO ELI CORRÊA;ELI CORRÊA FILHO;;;
aa96eebd-e753-4585-90c4-d0b724e46eca;;1972-10-17;141421.0;EDUARDO HENRIQUE DA FONTE DE ALBUQUERQUE SILVA;EDUARDO DA FONTE;;;
e8e945cc-2db7-4e30-8a09-73307aab294c;;1944-10-05;74075.0;ELCIONE THEREZINHA ZAHLUTH BARBALHO;ELCIONE BARBALHO;;;
6c56046c-8be2-4b6b-95eb-9ec825ef558c;;1979-03-18;141422.0;EFRAIM DE ARAÚJO MORAIS FILHO;EFRAIM FILHO;;;
c6ce70f7-7478-4fe5-b287-d24d98fba485;;1958-09-29;74173.0;EDUARDO COSENTINO DA CUNHA;EDUARDO CUNHA;;;
cbd6d9e3-8e13-4d83-92bf-83160bbe4b83;;1963-09-19;178977.0;EDUARDO PEDROSA CURY;EDUARDO CURY;;;
0b216403-8aaf-4957-8c99-127003b9a9ea;;1950-03-06;73793.0;EDSON BEZ DE OLIVEIRA;EDINHO BEZ;;;
dbef1c04-8972-4b34-a5b9-c47d9f68f56d;;1952-01-04;141417.0;ÉDIO VIEIRA LOPES;EDIO LOPES;;;
a34661ca-182a-4bc2-9342-e145b58789ee;;1963-12-15;178994.0;DULCE FERREIRA PAGANI MIRANDA;DULCE MIRANDA;;;
6d8fb083-db6f-4d94-8820-ab7924396630;;1949-07-30;73447.0;EDSON EDINHO COELHO ARAÚJO;EDINHO ARAÚJO;;;
fbd253f5-d926-4af8-ad55-125ca1d1ba31;;1964-05-16;141385.0;ANTONIO DUARTE NOGUEIRA JÚNIOR;DUARTE NOGUEIRA;;;
eb090a25-6a31-48ba-b8ea-5220c919c4ce;;1959-09-26;160578.0;EDMAR DE SOUZA ARRUDA;EDMAR ARRUDA;;;
8a742c5a-a714-4684-9d48-fcedd24b9f03;;1982-01-24;181316.0;ELIZEU DIONIZIO SOUZA DA SILVA;ELIZEU DIONIZIO;;;
5c5b3dfb-f0a7-482b-b0a0-86863c98bdd7;;1952-06-03;160643.0;JORGE SILVA;DR. JORGE SILVA;;;
ae83be0e-d75c-4a5d-87b0-3830b6643664;;1951-02-23;178830.0;SINVAL MALHEIROS PINTO JÚNIOR;DR. SINVAL MALHEIROS;;;
c4befed6-2e1d-4bd7-9356-9c011f971a98;;1984-10-10;178929.0;DIEGO ALEXSANDER GONCALO PAULA GARCIA;DIEGO GARCIA;;;
32044dd4-a5ad-4841-8bd8-beb13d9a60c5;;1950-08-05;178940.0;JOAO FERREIRA NETO;DR. JOÃO;;;
a643c0d9-e2bb-4b8c-b601-2654298e26bf;;1957-03-25;160758.0;DOMINGOS SÁVIO CAMPOS RESENDE;DOMINGOS SÁVIO;;;
29ef5845-b89a-4ca7-b54d-bc02bd3e363e;;1977-08-08;160588.0;DIEGO LEONARDO DE ANDRADE CARVALHO;DIEGO ANDRADE;;;
9d717d97-50eb-4d60-8822-afc707217b38;;1973-05-23;160599.0;DIMAS FABIANO TOLEDO JÚNIOR;DIMAS FABIANO;;;
13dffb43-6f8d-4239-82d7-38f69c147851;;1988-04-29;143632.0;DOMINGOS GOMES DE AGUIAR NETO;DOMINGOS NETO;;;
ac3c1968-0b32-496d-b03d-0d6d5d2a8b84;;1962-11-28;164359.0;WALDIR SOARES DE OLIVEIRA;DELEGADO WALDIR;;;
ce85b56a-9722-4b14-8393-5d5bb40bc4dd;;1960-10-01;141413.0;DÉCIO NERY DE LIMA;DÉCIO LIMA;;;
491a964d-a944-4656-ae75-a294f714c026;;1960-12-14;178908.0;EDER MAURO CARDOSO BARRA;DELEGADO ÉDER MAURO;;;
90885038-66ec-4ba7-8b80-d5f414fd1307;;1959-08-28;74172.0;WANDERLEY ALVES DE OLIVEIRA;DELEY;;;
2e226de9-b80f-4104-9bc4-160ca3721ab2;;1970-03-26;160646.0;FERNANDO DESTITO FRANCISCHINI;DELEGADO FRANCISCHINI;;;
f44dbc68-46e8-466b-93dc-0eb5b4d2a7f9;;1974-06-18;196357.0;DEJORGE PATRICIO DA SILVA;DEJORGE PATRÍCIO;;;
2f501697-a2c1-4ea3-a318-58f18fd98d47;;1960-11-07;101309.0;DAVIDSON DE MAGALHÃES SANTOS;DAVIDSON MAGALHÃES;;;
09b672a8-be3a-4828-abeb-b8bd682ea3c3;;1959-04-16;178893.0;EDSON MOREIRA DA SILVA;DELEGADO EDSON MOREIRA;;;
0c92b854-41ff-4d55-939c-518298453448;;1962-12-09;185500.0;DEOCLIDES ANTONIO SANTOS NETO MACEDO;DEOCLIDES MACEDO;;;
22f2ad04-c5a4-4f2d-a8fa-d52344db1ac7;;1955-01-21;74060.0;DANIEL GOMES DE ALMEIDA;DANIEL ALMEIDA;;;
4dcc5a3d-2493-4198-9a31-7cfc32fd2388;;1976-11-22;141412.0;DAVI ALVES SILVA JÚNIOR;DAVI ALVES SILVA JÚNIOR;;;
cf160719-9c00-4827-9161-d6acc6c45ea4;;1947-04-02;73891.0;DARCÍSIO PAULO PERONDI;DARCÍSIO PERONDI;;;
9fb63854-5755-4446-823c-d09644debdc5;;1955-07-21;141411.0;DAGOBERTO NOGUEIRA FILHO;DAGOBERTO NOGUEIRA;;;
532176c6-ae13-4b60-ae57-7074fd82984f;;1952-04-28;74467.0;DAMIÃO FELICIANO DA SILVA;DAMIÃO FELICIANO;;;
061b939a-63fd-4174-9f63-60a062afb15a;;1952-12-02;178892.0;DAMINA DE CARVALHO PEREIRA;DÂMINA PEREIRA;;;
d563a712-4b1f-41d2-8c67-3eb06055b247;;1966-01-01;178848.0;MARIA DA CONCEICAO SAMPAIO MOURA;CONCEIÇÃO SAMPAIO;;;
a65562c9-24fe-4d3b-adc0-754db6fc8b05;;1973-12-21;93472.0;CRISTIANE BRASIL FRANCISCO;CRISTIANE BRASIL;;;
1dcaedca-d8b1-4e86-a430-901a9c505cd4;;1963-12-01;74537.0;CLÁUDIO CAJADO SAMPAIO;CLAUDIO CAJADO;;;
adf5a62f-917c-48f8-87cd-135c2a5dc40b;;1987-07-25;178963.0;LUIS ANTONIO FRANCISCATTO COVATTI;COVATTI FILHO;;;
ec192e8c-5ba5-45c1-be66-7081079ad815;;1972-05-10;141408.0;CLEBER VERDE CORDEIRO MENDES;CLEBER VERDE;;;
d118837d-12bb-4b37-a264-e4facc1a4f58;;1939-08-13;141440.0;FRANCISCO LOPES DA SILVA;CHICO LOPES;;;
a37694df-ab76-46fd-bdc5-8b8625cb2525;;1982-07-02;178939.0;CLARISSA BARROS ASSED MATHEUS DE OLIVEIRA;CLARISSA GAROTINHO;;;
8c1d008f-1cf7-497a-9369-fe01cc80a8ba;;1953-02-11;141439.0;FRANCISCO JOSÉ D'ANGELO PINTO;CHICO D'ANGELO;;;
19eaff28-3ded-4e14-a944-af29bfe76b3a;;1957-11-08;73720.0;César Antonio de Souza;CESAR SOUZA;;;
64418218-4c81-4a5b-a2f2-d871695b118a;;1960-02-23;178928.0;CHRISTIANE DE SOUZA YARED;CHRISTIANE DE SOUZA YARED;;;
e126580c-d055-4d70-b9c9-0c0a5c1e4731;;1958-07-05;178838.0;CARLOS CESAR CORREIA DE MESSIAS;CÉSAR MESSIAS;;;
957eeb8d-3576-4cfb-9ac6-13b1a1bf50ce;;1949-10-19;74171.0;FRANCISCO RODRIGUES DE ALENCAR FILHO;CHICO ALENCAR;;;
470ad20c-360c-4cdf-91e4-8818873c5299;;1954-03-10;160576.0;CESAR HANNA HALUM;CÉSAR HALUM;;;
c37e9887-d01e-4160-bb6d-6219d6364f41;;1956-08-20;73441.0;CELSO UBIRAJARA RUSSOMANNO;CELSO RUSSOMANNO;;;
c2fa1de0-3de1-4a78-bfb4-e9892a7bfd82;;1963-10-10;72912.0;CELSO PANSERA;CELSO PANSERA;;;
87f9454d-a219-4adc-887d-259bb99bd30b;;1973-04-18;160552.0;DANRLEI DE DEUS HINTERHOLZ;DANRLEI DE DEUS HINTERHOLZ;;;
ab8c3b74-4d53-4026-95a1-e26b2b052370;;1953-08-30;141405.0;CELSO MALDANER;CELSO MALDANER;;;
933133f2-2590-4396-a332-158f0a7fd841;;1962-10-06;164360.0;CARMEN EMÍLIA BONFÁ ZANOTTO;CARMEN ZANOTTO;;;
bcb371e8-0fc6-46cd-8b68-c5d034272463;;1959-09-19;178876.0;CELIO ANTONIO DA SILVEIRA;CÉLIO SILVEIRA;;;
fb0e038c-ccc4-48e0-bcbb-1e1cf8626435;;1957-01-19;73568.0;CELSO ALENCAR RAMOS JACOB;CELSO JACOB;;;
3b2fc188-dcd8-4c6d-8087-81b7957ecf69;;1972-06-13;178962.0;ANTONIO CARLOS GOMES DA SILVA;CARLOS GOMES;;;
5865051e-5f41-489f-936d-392ffaef3b7c;;1940-04-23;74474.0;CARLOS EDUARDO CINTRA DA COSTA PEREIRA;CARLOS EDUARDO CADOCA;;;
810e2551-42d3-4b83-bf66-90a83b4d49ad;;1964-09-26;178958.0;CARLOS AUGUSTO ANDRADE SILVA;CARLOS ANDRADE;;;
badbf483-2dd5-43e5-b046-4f5a2a3779b4;;1972-12-31;178924.0;FABIO ABREU COSTA;CAPITÃO FÁBIO ABREU;;;
be6ba8f2-2ee4-4ba1-be69-b95aea615561;;1966-10-04;178829.0;JOSE AUGUSTO ROSA;CAPITÃO AUGUSTO;;;
7f41dea1-3c10-4ce6-b6d1-0ec6b28e9de0;;1959-06-08;141398.0;CARLOS ALBERTO ROLIM ZARATTINI;CARLOS ZARATTINI;;;
f8fd57e7-1938-4cc7-b1b6-027ce3157bf2;;1936-07-10;194258.0;CLEUZA PEREIRA DO NASCIMENTO;CREUZA PEREIRA;;;
e3cfe928-06f4-4c8b-a46a-bc248baf9237;;1986-08-21;178891.0;CAIO NARCIO RODRIGUES DA SILVEIRA;CAIO NARCIO;;;
899ec03c-b0aa-4693-b0d6-f9563c4fb7d3;;1954-09-23;178853.0;LUIZ CARLOS CAETANO;CAETANO;;;
7137a096-45f6-4c0a-89c0-df1111192c8c;;1965-11-16;194261.0;CAJAR ONESIMO RIBEIRO NARDES;CAJAR NARDES;;;
4904cfcc-3201-4641-bdc6-5e6693c7b001;;1989-08-21;178999.0;BRUNIELE FERREIRA GOMES;BRUNNY;;;
41ec398d-d5cc-4d2a-974b-23ea75f4b666;;1983-04-28;160589.0;BRUNA DIAS FURLAN;BRUNA FURLAN;;;
651a6cf6-626e-4469-9af6-374c86a6efdd;;1930-05-14;74650.0;BONIFÁCIO JOSÉ TAMM DE ANDRADA;BONIFÁCIO DE ANDRADA;;;
ed0ba42c-c88a-44cc-8d72-11deca3cc87e;;1982-02-01;178948.0;CARLOS ALBERTO DE SOUSA ROSADO SEGUNDO;BETO ROSADO;;;
c9dd22f4-a949-4dc6-a0c3-ea6bdf58584d;;1962-02-05;160538.0;ELVINO JOSÉ BOHN GASS;BOHN GASS;;;
bbf9b3c5-0ae3-4ded-a7c8-37eb556c34f3;;1974-02-12;178906.0;ROBERTO SALAME FILHO;BETO SALAME;;;
58f54abb-4d96-4584-a106-315194f07d33;;1963-06-08;141513.0;OLAVO BILAC PINTO NETO;BILAC PINTO;;;
f37f28b2-5516-44a2-a66c-8a9e85f0af7d;;1972-03-15;141394.0;BRUNO CAVALCANTI DE ARAÚJO;BRUNO ARAÚJO;;;
a1ea6431-b96f-41a4-b703-6714fd46f750;;1975-04-27;178915.0;HEBERTE LAMARCK GOMES DA SILVA;BETINHO GOMES;;;
9cad7a0c-14e0-402a-9a5e-255bedb9f9da;;1948-08-29;74535.0;BENITO DA GAMA SANTOS;BENITO GAMA;;;
9f043e06-b534-4348-bb54-924da092c732;;1942-04-26;73701.0;BENEDITA SOUZA DA SILVA SAMPAIO;BENEDITA DA SILVA;;;
b715d17d-c3a3-4ac0-b57e-435aae8e6ce3;;1971-11-30;74040.0;BENJAMIN GOMES MARANHÃO NETO;BENJAMIN MARANHÃO;;;
a6c6411c-f4ae-4041-bf9c-53563d66a24e;;1951-07-07;73437.0;PAULO ROBERTO GOMES MANSUR;BETO MANSUR;;;
2c55c020-8a83-4034-91ba-2373f300d91b;;1962-06-09;178834.0;ADALBERTO SOUZA GALVÃO;BEBETO;;;
0484739c-4501-4bfd-b135-2068e6e13b45;;1972-06-09;178975.0;LUIZ FELIPE BALEIA TENUTO ROSSI;BALEIA ROSSI;;;
51ff6020-11f3-46ba-b752-48ac34de85c1;;1957-07-09;69871.0;JOAO CARLOS BACELAR BATISTA;BACELAR;;;
8863bcff-bb80-4703-97a9-26bd3a49f2e9;;1979-02-17;160512.0;AUREO LIDIO MOREIRA RIBEIRO;AUREO;;;
58c215be-9043-4664-9729-88c15aeae274;;1941-11-04;141401.0;CARLOS GOMES BEZERRA;CARLOS BEZERRA;;;
12fc091a-6836-4708-a8f3-2b4262da1b00;;1962-10-22;160665.0;AUGUSTO RODRIGUES COUTINHO DE MELO;AUGUSTO COUTINHO ;;;
9ed926fe-7d7f-443c-ac39-a0b820ae4cf8;;1953-07-27;73655.0;AUGUSTO SILVEIRA DE CARVALHO;AUGUSTO CARVALHO;;;
9a3109a4-720a-4eb6-af7b-0b9e7b8bc4d1;;1950-09-28;74052.0;JOÃO BOSCO DA COSTA;BOSCO COSTA;;;
fb3a1677-ec5b-470f-b9af-3f989c5d63b2;;1974-06-24;193165.0;ATILA ALEXANDRE NUNES PEREIRA;ÁTILA A. NUNES;;;
b6f9f7cc-0830-43e6-b221-bb93f49301bb;;1979-10-01;178847.0;ARTHUR VIRGILIO DO CARMO RIBEIRO BISNETO;ARTHUR VIRGÍLIO BISNETO;;;
eabc1659-3af6-48f2-992a-c8170c2ed216;;1962-09-14;160581.0;ASSIS FLÁVIO DA SILVA MELO;ASSIS MELO;;;
779321a2-c1bf-45f6-b924-44579cf31534;;1947-04-07;74459.0;ÁTILA FREITAS LIRA;ÁTILA LIRA;;;
c120c6c5-f9f6-453c-8b32-0b41a3944545;;1950-11-22;74090.0;ÁTILA SIDNEY LINS ALBUQUERQUE;ÁTILA LINS;;;
516d6725-6f21-4b50-9cfe-d0f96068bf24;;1964-08-17;160600.0;ARTHUR DE OLIVEIRA MAIA DA SILVA;ARTHUR OLIVEIRA MAIA;;;
fba73252-efa6-42ea-8deb-8814e4ca045e;;1961-09-09;159237.0;FRANCISCO DE ASSIS CARVALHO GONÇALVES;ASSIS CARVALHO;;;
79d19612-2eb2-4c4f-b889-de31d901cc49;;1937-03-11;74833.0;AROLDE DE OLIVEIRA;AROLDE DE OLIVEIRA;;;
de06436e-b542-4e0c-ae46-b330a989326c;;1958-11-30;160602.0;ARNALDO JORDY FIGUEIREDO;ARNALDO JORDY;;;
882eccc7-1b37-4b79-a865-c66fc77eae5e;;1955-05-08;141391.0;ARNALDO CALIL PEREIRA JARDIM;ARNALDO JARDIM;;;
3ad51ec7-67bc-4936-9fce-ff1f7e4bee82;;1949-12-24;73433.0;ARLINDO CHIGNALIA JUNIOR;ARLINDO CHINAGLIA;;;
68055b96-ea10-46cd-847a-dae113abd13e;;1938-10-11;74103.0;FRANCISCO ARIOSTO HOLANDA;ARIOSTO HOLANDA;;;
60163117-c00b-4dc0-8b71-ef05fee193c1;;1948-03-12;160530.0;ANTONIO JOSÉ IMBASSAHY DA SILVA;ANTONIO IMBASSAHY;;;
d8c48799-a140-4ade-8e34-41d786404d3c;;1962-05-26;178950.0;ANTONIO JACOME DE LIMA JUNIOR;ANTÔNIO JÁCOME;;;
a5b421ff-5a68-4e15-ad0b-3bc7f467119d;;1945-12-30;73434.0;ARNALDO FARIA DE SÁ;ARNALDO FARIA DE SÁ;;;
a1541a32-5a58-4727-b09a-fceec641c088;;1963-12-24;178974.0;ANDRES NAVARRO SANCHEZ;ANDRES SANCHEZ;;;
c847237c-fde9-4a7b-8457-a7c318948313;;1989-08-27;178882.0;ANDRE LUIZ CARVALHO RIBEIRO;ANDRÉ FUFUCA;;;
fccb2032-ac27-4cb1-8baf-dfd5ac60cf86;;1946-06-13;73584.0;ANTONIO CARLOS DE MENDES THAME;ANTONIO CARLOS MENDES THAME;;;
e70d3ae0-6450-4586-9585-1a8a22276377;;1969-06-25;160541.0;ARTHUR CÉSAR PEREIRA DE LIRA;ARTHUR LIRA;;;
12b60beb-6603-41a2-89cb-a40110286b4c;;1972-02-23;160543.0;ANDRÉ LUIS DANTAS FERREIRA;ANDRE MOURA;;;
aeb6708c-3cdb-43a8-8338-c43d338df900;;1966-11-10;133439.0;ANDRÉ PEIXOTO FIGUEIREDO LIMA;ANDRÉ FIGUEIREDO;;;
fd69ca2e-540c-4dc0-9449-fb2aaa417f0a;;1972-12-10;160551.0;ANDERSON FERREIRA RODRIGUES;ANDERSON FERREIRA;;;
54cfb1df-2ff1-495a-99ca-79386e63440a;;1970-11-10;178831.0;ANDRE DOS SANTOS ABDON;ANDRÉ ABDON;;;
bac4e022-cd17-4488-8042-87657f878e69;;1961-07-22;74471.0;ANDRÉ CARLOS ALVES DE PAULA FILHO;ANDRÉ DE PAULA;;;
bd71ff1e-6f70-4c2b-85b1-d7ac102e7100;;1968-09-13;178937.0;ALTINEU CÔRTES FREITAS COUTINHO;ALTINEU CÔRTES;;;
686ab621-1839-4a6e-a69a-51978086c49f;;1951-08-13;74291.0;JOSÉ ARNON CRUZ BEZERRA DE MENEZES;ARNON BEZERRA;;;
f0faefe8-613a-457e-9f7a-80ee47f7fc05;;1990-07-26;195143.0;ANDRÉ AUGUSTO CASTRO DO AMARAL FILHO;ANDRÉ AMARAL;;;
79af7558-25d0-49ef-94b2-650a59bfc218;;1952-05-05;178846.0;ALFREDO PEREIRA DO NASCIMENTO;ALFREDO NASCIMENTO;;;
40ad512f-7442-45cc-9121-0da7fd3f33cb;;1989-02-26;178927.0;ALIEL MACHADO BARK;ALIEL MACHADO;;;
1370bac3-4776-454f-a8ba-c9c205badcc9;;1959-05-16;74057.0;ALICE MAZZUCO PORTUGAL;ALICE PORTUGAL;;;
2e0a6d49-4d9e-4637-a924-10b7bdf388c6;;1975-11-29;178833.0;ALEXANDRE AUGUSTUS SERFIOTIS;ALEXANDRE SERFIOTIS;;;
7feddbf1-cd2b-427f-9092-661ded7b7b18;;1989-04-18;160545.0;ALEXANDRE LEITE DA SILVA;ALEXANDRE LEITE;;;
238a2445-ec97-4f40-9e14-e8c7196528ca;;1955-11-07;141454.0;JACOB ALFREDO STOFFELS KAEFER;ALFREDO KAEFER;;;
6ef8349d-bbc8-4ebf-bf86-782ad5112b41;;1979-08-22;178972.0;ALEX SPINELLI MANENTE;ALEX MANENTE;;;
5ac757ec-9bfb-4fab-9636-a988b2131ddd;;1964-06-11;73458.0;ALEX CANZIANI SILVEIRA;ALEX CANZIANI;;;
f1e3510c-95b2-41d3-8740-e4cf60441dbb;;1980-07-21;178875.0;ALEXANDRE BALDY DE SANT'ANNA BRAGA;ALEXANDRE BALDY;;;
770e19d6-ed26-42fa-905a-d7add3e2b100;;1954-06-04;160559.0;ALCEU MOREIRA DA SILVA;ALCEU MOREIRA;;;
5754846c-ffa6-4c5e-b6d9-2fa72c032b04;;1963-08-22;178973.0;ANA LUCIA LIPPAUS PERUGINI;ANA PERUGINI;;;
90a1634d-3c2c-429f-a2dc-bfbffc6cd265;;1973-04-07;178936.0;ALEXANDRE VALLE CARDOSO;ALEXANDRE VALLE;;;
10f03ca6-7c37-492f-8b8d-2df753ddc9bf;;1971-10-28;160511.0;ALESSANDRO LUCCIOLA MOLON;ALESSANDRO MOLON;;;
8bd0c743-0854-4a10-9a97-7cf0586eda91;;1956-06-02;73579.0;JOÃO ALBERTO FRAGA SILVA;ALBERTO FRAGA;;;
828a0e78-b457-47de-8112-a7cce8d24563;;;;;;5573.0;Abel Rebouças São José;Abel Rebouças
59888f36-89fc-40e9-adf7-e95bb4906eb2;;;;;;739.0;Ciro Nogueira Lima Filho;Ciro Nogueira
94be5f0e-2cc9-488b-bb32-335a44eb4f1b;;;;;;5108.0;José Aparecido dos Santos;Cidinho Santos
40260ab9-9261-46b9-8ab3-3c569dfa8b24;;;;;;5136.0;Cesar Antonio de Souza;Cesar Antonio de Souza
ad36f1e7-f24a-4f51-9f44-c45468e0d4a1;;;;;;5623.0;Christopher Belchior Goulart;Christopher Goulart
da12c43f-62c0-4b52-aa92-8a173618eaab;;;;;;611.0;Francisco Feitosa de Albuquerque Lima;Chiquinho Feitosa
54c2f964-8299-4459-b36d-273baf9fa864;;;;;;5603.0;Carlos Augusto Lopes da Costa;Carlos Augusto Costa
a09aced0-44d6-42af-88d5-662d68c28efb;;;;;;5593.0;Celso Dal Lago Rodrigues;Celso Dal Lago Rodrigues
db87a81a-c226-401b-be80-05f3cf59e5f9;;;;;;111.0;Blairo Borges Maggi;Blairo Maggi
51b54acb-1d34-4105-af6d-1d2d419bb6e0;;;;;;5559.0;José Afonso Teixeira;Bispo José
fe7114b4-7e5f-428c-8e5b-39b78da653ef;;;;;;5639.0;Guaracy Batista da Silveira;Bispo Guaracy
ac236e3d-e2de-435c-b851-6baba89f85f8;;;;;;3823.0;Benedito de Lira;Benedito de Lira
a0878cdb-eaee-4662-8ee1-ac51e771ddc6;;;;;;5631.0;Genésio Ayres Marchetti;Ayres Marchetti
d48b4ddb-1f60-4f1f-ac24-55342d073a80;;;;;;391.0;Aécio Neves da Cunha;Aécio Neves
1e75ab82-aabc-4ad3-b9e7-78e82da34b89;;;;;;5633.0;Atilio Francisco da Silva;Atilio Francisco
955fe4aa-1b14-4e95-b6ec-923efe50f10d;;;;;;5138.0;Athos de Almeida Lopes;Athos de Almeida Lopes
9b3aa5c1-4e3a-4026-aa35-cdd29e438fa2;;;;;;5118.0;Zonir Freitas Tetila;Zonir Freitas Tetila
ac495087-1416-4e2a-bb04-56c4b5d694d7;;;;;;4697.0;Ângela Maria Gomes Portela;Ângela Portela
7d6bc32a-751c-4e13-b3cd-2942e14ae018;;;;;;5144.0;José Perrella de Oliveira Costa;Zeze Perrella
a506f121-4dff-475f-ba6f-69210454927d;;;;;;3597.0;Wirlande Santos da Luz;Wirlande da Luz
c568b459-7c73-4b53-baee-3baae0a79db8;;;;;;5096.0;Wilmar Lacerda;Wilmar Lacerda
41fd7c6c-e250-4c81-860a-2116526c8754;;;;;;5070.0;Wilder Pedro de Morais;Wilder Morais
46d469e2-f0d5-4f44-b4a6-fa8e59dc3200;;;;;;3811.0;José Wilson Santiago;Wilson Santiago
85c306bd-a67a-45e1-98a2-9271c30ede43;;;;;;1173.0;Wellington Antonio Fagundes;Wellington Fagundes
9caed2a2-635d-4752-8d3d-db487a2279e6;;;;;;604.0;Walter de Freitas Pinheiro;Walter Pinheiro
773b8a1d-d3eb-4d14-a955-1dc65a223adc;;;;;;5082.0;Waldemir Catanho de Sena Júnior;Waldemir Catanho de Sena Júnior
103aa65b-7fcf-445d-8d44-de9025e17e03;;;;;;5016.0;José Wellington Barroso de Araujo Dias;Wellington Dias
0b01d8b2-d333-485a-a952-f64498821d46;;;;;;791.0;Vivaldo Vieira Barbosa;Vivaldo Barbosa
b8daac6a-c70c-48b0-816e-f73fe38c6a03;;;;;;4645.0;Vital do Rêgo Filho;Vital do Rêgo
ba6c7f82-f5f5-4d0d-a897-695d36853e87;;;;;;4763.0;Vicente Alves de Oliveira;Vicentinho Alves
a3d0a02d-ce34-45c3-a273-561bb446048a;;;;;;1176.0;Waldemir Moka Miranda de Britto;Waldemir Moka
2feb6e41-3a6e-4e4c-a6d0-0a1df21058f0;;;;;;4786.0;Virginio José de Carvalho Neto;Virginio de Carvalho
30905060-49e1-4af5-bbbf-e3b91c4b22e6;;;;;;558.0;Vanessa Grazziotin;Vanessa Grazziotin
aa580328-ce9b-4f0f-a261-9a2a22eec77c;;;;;;3372.0;Valdir Raupp de Matos;Valdir Raupp
f5562161-6541-4a77-b619-c1f64f7ee3f1;;;;;;5130.0;Valério Djalma Cavalcanti Marinho;Valério Djalma Cavalcanti Marinho
4e75cf93-2dd6-40af-8aec-acb29b4d61de;;;;;;5084.0;Veridiana Maria Tonini;Veridiana Maria Tonini
e2aa52a3-7282-4407-a392-96d31dd88c59;;;;;;375.0;Valdir Ganzer;Valdir Ganzer
1fb58ed0-3476-4575-a03c-40498ad78b9f;;;;;;5420.0;Ubiraci Picanço;Ubiraci Picanço
4b2d4680-29e7-4799-b3e5-ec7da9665a54;;;;;;4949.0;Tomás Guilherme Correia;Tomás Correia
4cc6fd4d-56d1-45ae-af2f-ee5b4785ef41;;;;;;5068.0;Tânia Cristina Magalhães Bastos e Silva;Tânia Cristina Magalhães Bastos e Silva
ba9323ef-f93c-4222-a067-2c2f6bdf1ce1;;;;;;438.0;Tilden José Santiago;Tilden Santiago
0bda8ac7-ccf5-414e-929b-440d419cbf3d;;;;;;3396.0;Tasso Ribeiro Jereissati;Tasso Jereissati
8d08d09a-803e-4b99-b901-61d6c3eb5e7a;;;;;;5535.0;Telmário Mota de Oliveira;Telmário Mota
294203c4-296f-442e-af61-c4d5be845b17;;;;;;5619.0;Thieres Pinto de Mesquita Filho;Thieres Pinto
f0e20b87-df5f-4fb4-afae-7770c72b7b38;;;;;;5629.0;Theodorico Bezerra Netto;Theodorico Netto
5c56604c-6d40-4892-9820-5fe73c39bc86;;;;;;4560.0;Sérgio de Oliveira Cunha;Sérgio Petecão
4d1c78dc-d5f6-4364-9abf-46b1f6fc5931;;;;;;624.0;Aluísio Sérgio Novais Eleutério;Sérgio Novais
4d800d42-097a-4cf2-9f8a-a00bb0e60423;;;;;;5106.0;Sérgio Rogério de Castro;Sérgio de Castro
5eded581-fbed-4104-a323-b102adb40689;;;;;;5527.0;Simone Nassar Tebet;Simone Tebet
4dd384da-f557-47ae-9817-0270886fa381;;;;;;5563.0;Severino Barboza Leão;Severino Leão
659e3e91-e5ce-4015-b11d-9e1d09c05417;;;;;;5611.0;Severino Nunes de Araujo;Severino Araujo
71baf308-e3c7-463e-8ba3-6a00ad706fd8;;;;;;5583.0;Schariff Moyses;Schariff Moyses
79b9166f-1aac-47c8-9c02-70af38e06148;;;;;;5172.0;Sanny Japiassú dos Santos;Sanny Japiassú dos Santos
39525ff5-f3b3-46f7-91ae-1ba7bf42e92a;;;;;;5056.0;Silvia Nascimento Cardoso dos Santos Cerqueira;Silvia Nascimento Cardoso dos Santos Cerqueira
937c2502-6bfe-47d8-b6df-8d93eabae29c;;;;;;5048.0;Sergio de Souza;Sergio Souza
4e4a13b6-5571-44c0-a61e-56e899f4d238;;;;;;5038.0;Sandra Backsmann Braga;Sandra Braga
4371de53-e508-4694-b023-5ae9944dbe82;;;;;;5074.0;Sander Fraxe Salomao;Sander Fraxe Salomao
cd164bfa-0848-4293-9af3-a9f7c396fdde;;;;;;2331.0;Rosilda de Freitas;Rose de Freitas
4f58d17b-0d92-4c57-b545-88daba65e15a;;;;;;5322.0;Romario de Souza Faria;Romário
9580e603-00f2-46fd-a258-a180d36c7a15;;;;;;4847.0;Salomão Alcolumbre Júnior;Salomão Alcolumbre Júnior
e95c0d8d-94c5-4aba-88fa-169bc082ea69;;;;;;5601.0;Roosevelt Vita;Roosevelt Vita
4752defa-d607-4bfa-9b18-1c09f6ef8d38;;;;;;5621.0;Rudson Leite da Silva;Rudson Leite
c32024fd-3dc6-476b-a0f9-a4e3db01b9f6;;;;;;73.0;Romero Jucá Filho;Romero Jucá
553e9e88-fe88-4777-99ad-985244fa38c3;;;;;;456.0;Ronaldo Ramos Caiado;Ronaldo Caiado
d497c34c-e547-4869-b824-afaea1b2b5c3;;;;;;677.0;Roberto Coelho Rocha;Roberto Rocha
fc5a01bb-ada2-4827-96cd-81dc0981081f;;;;;;5098.0;Roberto Wagner Monteiro;Roberto Wagner Monteiro
aa4e7274-d07b-420c-b288-a6c1bd346415;;;;;;4593.0;Rodrigo Sobral Rollemberg;Rodrigo Rollemberg
e3e613a0-e4d6-48f1-b539-0f12f56c57e3;;;;;;5052.0;Roberto de Oliveira Muniz;Roberto Muniz
704ccd75-54f6-4982-a9e4-e200c5c7bb7d;;;;;;70.0;José Renan Vasconcelos Calheiros;Renan Calheiros
4be7a2c0-9ef8-4610-883e-6fd4ec7b0fcf;;;;;;5635.0;Ricardo Barreto Franco;Ricardo Franco
96e47bfe-4c69-446b-81af-26f897b8e572;;;;;;635.0;Ricardo de Rezende Ferraço;Ricardo Ferraço
6f5242ea-12db-4c41-bff7-5299f2aa9a2f;;;;;;72.0;Roberto Requião de Mello e Silva;Roberto Requião
d45c0377-d2c4-416e-b720-7586f288ccc9;;;;;;5236.0;José Antônio Machado Reguffe;Reguffe
8b363c50-991a-4509-91f2-2575da40478b;;;;;;5072.0;Reditario Cassol;Reditario Cassol
5fb7c310-2427-43d4-b586-53071bd06d71;;;;;;2207.0;Raimundo Lira;Raimundo Lira
99b342f0-2b78-4804-8852-3b77ee3a8941;;;;;;5182.0;Maria Regina Sousa;Regina Sousa
160bd2ea-1fec-4d96-ac7f-0b8c4a6b54ca;;;;;;5012.0;Randolph Frederich Rodrigues Alves;Randolfe Rodrigues
c8be6b4c-9cfe-47cb-9161-443829eaa6e9;;;;;;4606.0;José Eleonildo Soares;Pinto Itamaraty
0900bfe6-4810-4e47-be0d-397152b2cb1a;;;;;;5010.0;José Pedro Gonçalves Taques;Pedro Taques
37315c09-3b64-4f6e-b2ad-2c118dd8957e;;;;;;5050.0;Pedro Irno Tonelli;Pedro Irno Tonelli
4bb24361-4769-4db2-be69-ff57f475d080;;;;;;5114.0;Paulo Pereira Fíuza Filho;Paulo Pereira Fíuza Filho
55a4294a-75f7-4316-a373-d37c91d8dece;;;;;;5589.0;Paulo Henrique Campos Matos;Paulo Matos
5feb77d5-5b05-46fc-9b9a-b5be9a907cba;;;;;;5116.0;Pedro Chaves dos Santos Filho;Pedro Chaves
0baeb9d7-a5c2-442a-ae5c-18085d8534cc;;;;;;825.0;Paulo Renato Paim;Paulo Paim
487a263b-ee4e-4b50-a1d1-98cf4afe321a;;;;;;5152.0;Paulo Frateschi;Paulo Frateschi
1a9e6740-c471-4e84-bc28-0d8494a816ad;;;;;;824.0;Paulo José Gouvêa;Paulo Gouvêa
6cea9d09-01b4-4c81-b31d-da59c7d05d93;;;;;;374.0;Paulo Roberto Galvão da Rocha;Paulo Rocha
c12eaf15-797a-4b82-9cf0-49d73286f338;;;;;;5020.0;Paulo Roberto Davim;Paulo Davim
4ee85da2-2e19-427d-879a-853052503b96;;;;;;5599.0;Ibanes Taveira da Silva;Pastor Ibanes Taveira
eaeae990-7b37-46b9-b628-6e56b46359d8;;;;;;918.0;Amarildo Martins da Silva;Pastor Amarildo
93072985-32b9-4d9c-a539-dc270713021f;;;;;;3741.0;Paulo Roberto Bauer;Paulo Bauer
6aac961e-3c8a-49ff-860e-113cf7dab92c;;;;;;5080.0;Pablo Sergio Souza Bezerra;Pablo Sergio Souza Bezerra
dcdc616c-4ee6-4640-b71f-af2f6be5eeb8;;;;;;5617.0;Sebastião Valadares Neto;Pastor Valadares
9532deae-8158-4ac3-9a6c-02a991745d57;;;;;;5018.0;Heber Waldo Silva Costa;Pastor Bel
c0a75982-435d-4dd8-910c-3c8da2b8853c;;;;;;5122.0;Paulo Antenor de Oliveira;Paulo Antenor de Oliveira
a676b763-d3e9-48b6-90f5-7dd3b049964c;;;;;;5523.0;Otto Roberto Mendonça de Alencar;Otto Alencar
2d8bf927-e0ce-451c-95ca-08c52b1a8bec;;;;;;288.0;Nilson Moura Leite Mourão;Nilson Mourão
28fd999b-a475-490e-ac1f-28fa87a89f40;;;;;;64.0;Odacir Soares Rodrigues;Odacir Soares
e86db083-aac8-4108-af0f-110d4f5b91cc;;;;;;5525.0;Omar José Abdel Aziz;Omar Aziz
7b7d158b-4cb4-4ef9-9b0d-37d91c2e5c93;;;;;;5281.0;Ozanilda Gondim Vital do Rego;Nilda Gondim
68fbb95c-bc63-4790-9376-f40bb65279ce;;;;;;5060.0;Olney Ribeiro Botelho;Olney Ribeiro Botelho
3afbd364-424e-4be2-aead-8291237b9cf2;;;;;;380.0;Nicias Lopes Ribeiro;Nicias Ribeiro
5ac5daf9-e50d-441a-9c82-3d161037b2be;;;;;;5176.0;Nestor Duarte Guimarães Neto;Nestor Duarte Guimarães Neto
91e6270a-ff85-4e5c-945f-fe14ba6a8138;;;;;;5094.0;Márcio Bergonsi Turra;Márcio Bergonsi Turra
bcc87d5a-abdc-4dcc-93db-6c2ccff97db4;;;;;;5575.0;Marizete Lisboa Fernandes Pereira;Marizete
41b97fb2-fb80-4ded-bd39-ec0edb7814bf;;;;;;5000.0;Marta Teresa Suplicy;Marta Suplicy
c80acb03-71f9-4b43-8f77-67e15b18e2b5;;;;;;5571.0;Marco Jeovano Soares Ribas;Marquinho
e3486718-e8e8-485d-af8c-9f62eb791a02;;;;;;5595.0;Moacir Kohl;Moacir Kohl
936b1c11-2ea0-4b6d-8e4c-3d6b03d57795;;;;;;5142.0;Marta Maria Freire da Costa;Marta Maria Freire da Costa
6e1c9945-bff1-4e9d-8b68-d477f9f497d7;;;;;;5086.0;Miguel Dias de Souza;Miguel Dias de Souza
a4826fa9-dcde-47aa-a4b4-eacfcea6c8f4;;;;;;670.0;Mauro de Alencar Fecury;Mauro Fecury
6e84ff67-e69d-4ce0-843f-5d0a40ea9dd0;;;;;;4998.0;Marinor Jorge Brito;Marinor Brito
74b9b29c-58f0-4fb3-b7e4-e30eadf55db6;;;;;;5174.0;Maria de Pompeia Lins Pessoa;Maria de Pompeia Lins Pessoa
bdaab8b8-a09e-4049-8e24-3ce09a18d20f;;;;;;5591.0;Manoel Francisco de Vasconcelos Motta;Manoel Motta
ba6dafa8-cc3f-4eab-9d5d-4ffb5f816365;;;;;;3366.0;Marcelo Bezerra Crivella;Marcelo Crivella
279613f4-04d3-4704-a6ba-3f9b21bbe336;;;;;;710.0;Marcondes Iran Benevides Gadelha;Marcondes Gadelha
969575c8-03d3-4f1c-bdf8-d95d5235309a;;;;;;5190.0;Maria Luza de Aquino Machado;Maria Luza de Aquino Machado
93032104-7f52-4009-a858-98fbae3fa253;;;;;;5124.0;Maria Antonieta Amorim dos Santos;Maria Antonieta Amorim dos Santos
e7d85561-0ca0-45e8-8152-c9febd711cc6;;;;;;1023.0;Maria do Carmo do Nascimento Alves;Maria do Carmo Alves
652f3735-078f-4be4-a3d0-4f112b61d155;;;;;;5110.0;Manoel Antônio Rodrigues Palma;Manoel Antônio Rodrigues Palma
ce1d48fc-bcab-4a87-9b9b-1967fc4939b9;;;;;;4951.0;Manoel Angelo Chagas;Manoel Angelo Chagas
bb27415e-0cc0-4136-b350-fbdc16e841d8;;;;;;631.0;Magno Pereira Malta;Magno Malta
e8ceada3-78d4-4ad4-96e0-970ee79f2b81;;;;;;643.0;Lúcia Vânia Abrão;Lúcia Vânia
05155be5-3fab-4663-8d48-c60661febd6f;;;;;;4575.0;Lídice da Mata e Souza;Lídice da Mata
03244886-5296-4cdc-ae64-dfe1fef259ac;;;;;;151.0;Luiz Osvaldo Pastore;Luiz Pastore
7893d3a0-1086-4f00-9a37-7044bd06e773;;;;;;5557.0;Mailza Assis da Silva;Mailza Gomes
9a5aa90c-0426-476a-89ff-b81343f95989;;;;;;5058.0;Luís Guilherme Gomes Mussi;Luís Guilherme Gomes Mussi
6685dbfc-f694-4584-8fe5-5d36264816f9;;;;;;5002.0;Luiz Henrique da Silveira;Luiz Henrique
946589e6-bae5-429e-b701-5e6a2b799a5b;;;;;;5040.0;Lirio Albino Parisotto;Lirio Albino Parisotto
b86b5391-ef07-4936-b54d-adc15b1d3867;;;;;;5092.0;Luis Carlos Paes de Castro;Luis Carlos Paes de Castro
5dce3689-8680-455d-8de5-c78cee5808c0;;;;;;5156.0;Lauro Antonio Texeira Menezes;Lauro Antonio
fe664cb8-8e4d-49a8-84b4-64c6077fc674;;;;;;5567.0;Luis Augusto Mitoso Junior;Luis Mitoso
84f0b753-4bfd-4ba8-861e-120b634fa4d7;;;;;;5585.0;Luiz Carlos do Carmo;Luiz Carlos do Carmo
712bd3d5-a4ea-40a7-a0d2-33df5c28b534;;;;;;5104.0;Luis Cláudio da Costa Avelar;Luis Cláudio da Costa Avelar
b98ec8d1-4549-470f-8374-366530628dbb;;;;;;3695.0;Luiz Lindbergh Farias Filho;Lindbergh Farias
f4933a10-b1bc-46c2-a343-95708afcd127;;;;;;3579.0;Edison Lobão Filho;Lobão Filho
62339ad5-d4b4-4020-ba26-d7cf4fdf1a05;;;;;;5533.0;Lasier Costa Martins;Lasier Martins
a212ab79-d828-47dc-a51c-975ff407b33f;;;;;;5066.0;Juçara Feitosa de Oliveira;Juçara Feitosa de Oliveira
6dc5b084-b09c-4d62-8944-a44a4cd76d4b;;;;;;1249.0;Kátia Regina de Abreu;Kátia Abreu
89a0c997-19a7-4cb4-8de2-aa42d0be3a15;;;;;;415.0;Lael Vieira Varella;Lael Varella
ef74cc4d-6a3a-4064-a91b-c98678c6d365;;;;;;5158.0;Antonio Carlos Porto de Andrade;Kaká Andrade
f1457652-afbf-4a81-b6aa-b849dc561046;;;;;;916.0;João Batista de Jesus Ribeiro;João Ribeiro
320311a6-d715-4964-879e-fb101fa402bc;;;;;;5166.0;João Costa Ribeiro Filho;João Costa
9bb51ba5-88b6-4ba3-b029-d9c49e6c3153;;;;;;3593.0;João Faustino Ferreira Neto;João Faustino
27f4d6c1-1037-4962-8f06-8be2aa125bda;;;;;;5613.0;João Batista da Rocha Lemos;João Batista Lemos
2e481b90-0e15-4db9-9b5f-610e172d594c;;;;;;3394.0;João Alberto Rodrigues Capiberibe;João Capiberibe
24e9ce13-10bc-45c8-8e44-193ae4a05652;;;;;;5186.0;João Claudino Fernandes;João Claudino Fernandes
cbe5f9ca-9957-4942-a6f7-f06b65c62214;;;;;;5184.0;José Ribamar Noleto de Santana;José Ribamar Noleto de Santana
9e5aa786-11f0-4bf5-8a56-3c1602173afe;;;;;;950.0;João Alberto de Souza;João Alberto Souza
ba68a161-21e0-41bd-83f7-79585009d217;;;;;;5036.0;José de Macedo Ferreira;José de Macedo Ferreira
a3548a4e-4ed4-499a-b4c8-56c6c17b1ca2;;;;;;90.0;José Serra;José Serra
e2a0c8c7-1425-4a92-bf48-39b6dc6ce113;;;;;;5180.0;José Rodrigues da Silva;José Rodrigues da Silva
c856cfc4-2e0c-4430-a10f-34dcb587d91b;;;;;;615.0;José Barroso Pimentel;José Pimentel
dfb1419a-ee09-449f-9952-4ed6b289f8ff;;;;;;5112.0;José Antônio Medeiros;José Medeiros
8c0a7b07-274e-49ef-8183-1b0f7d2a12d4;;;;;;3361.0;José Targino Maranhão;José Maranhão
87ae454d-d28f-4474-9f29-1bf19a2e4f5a;;;;;;5030.0;José Givago Raposo Tenório;José Givago Raposo Tenório
5c911422-7443-4bf0-8b11-9a520c8a27cb;;;;;;43.0;José Eduardo de Barros Dutra;José Eduardo Dutra
e356eb11-90f1-49a8-85d4-a8e16a95a17e;;;;;;5579.0;José Carlos de Moraes Vasconcellos Filho;José Carlos Vasconcellos
9f73ae11-6ff0-42e6-a8db-705a4692e0fa;;;;;;878.0;José Aníbal Peres de Pontes;José Aníbal
17031a44-b65f-4638-8662-b13bf6f8ce12;;;;;;5120.0;José Antonio Guidoni;José Antonio Guidoni
f97a73a1-03cb-4e32-a382-0177b258260f;;;;;;5188.0;José Amauri Pereira de Araújo;José Amauri
170a5a8e-a899-4301-892a-da369771ab8f;;;;;;5569.0;Jose Samuel Alcolumbre Tobelem;Josiel
8de705cd-76c6-4ec6-8b16-c49344da6a6b;;;;;;5090.0;José Alberto Wenzel;José Alberto Wenzel
39c6b124-452c-45dc-b123-941cce7dce31;;;;;;40.0;José Agripino Maia;José Agripino
6453f0e8-fe19-4ee2-9d4f-9fb5195fcfb2;;;;;;4885.0;Jorge Yoshiaki Yanai;Jorge Yanai
42942b1b-3180-4220-be4b-d0ae357a7bcd;;;;;;5078.0;Jose Nagib da Silva Lima;Jose Nagib da Silva Lima
c8a41ec7-91f3-4ec5-bc52-f99a15c6a791;;;;;;5849.0;Jose Amauri P. de Araújo;
cdd23e85-1be2-42cd-8d15-fa6e8ae93688;;;;;;4990.0;Jorge Ney Viana Macedo Neves;Jorge Viana
1b844d51-89e8-4960-b222-e1c8e4269d71;;;;;;724.0;Joaquim Francisco de Freitas Cavalcanti;Joaquim Francisco
08a8aedf-0d3c-422b-ba8a-30b9e3d5c0c6;;;;;;5609.0;Joel Malucelli;Joel Malucelli
4bdb68bb-67ba-4542-85ca-e50313e18a2c;;;;;;5022.0;Janduhy Max Freire de Andrade;Janduhy Max Freire de Andrade
64c39b8a-65d1-41cb-ad5e-73718e9b8429;;;;;;1754.0;Itamar Augusto Cautiero Franco;Itamar Franco
2e839b46-2985-45f1-8ee2-579028dc3583;;;;;;5418.0;Ivanci Magno;Ivanci Magno
e893c8c5-8204-4c2e-8a80-db4af33a6d00;;;;;;5004.0;Ivo Narciso Cassol;Ivo Cassol
903bab70-79f6-49d4-a465-7434d3a5236b;;;;;;5627.0;Jean-Paul Terra Prates;Jean-Paul Prates
15fd8a0b-6a6f-41da-9320-c8fcb7401ea4;;;;;;35.0;Jader Fontenelle Barbalho;Jader Barbalho
fdbec3a4-6ea1-4743-8806-d17e16eb68fd;;;;;;5100.0;Hélio José da Silva Lima;Hélio José
2471027a-8d8d-4150-b5f5-7548dd39049b;;;;;;5076.0;Ione Borges Ribeiro Guimarães;Ione Borges Ribeiro Guimarães
d112789e-af4c-45e9-bdd7-12f8b50e1ced;;;;;;5008.0;Humberto Sérgio Costa Lima;Humberto Costa
8742ecd6-8801-4b45-b126-9d6ffb1b6945;;;;;;5006.0;Gleisi Helena Hoffmann;Gleisi Hoffmann
2a73a6c1-2d43-4cc2-8c68-5d28be3f5d29;;;;;;5615.0;Gilberto Piselo do Nascimento;Gilberto Piselo
044dfb05-2187-418f-93b6-03fdced1ccf4;;;;;;4558.0;Gladson de Lima Cameli;Gladson Cameli
9d34938a-1ddb-4cc5-8aa3-7a92026bb9e2;;;;;;5128.0;Gino Jose Ferreira;Gino Jose Ferreira
bfaebb8c-7001-4891-8dae-2baebdf2c3f0;;;;;;30.0;Gilvam Pinheiro Borges;Gilvam Borges
731d1acb-76a3-462d-92e0-916fd88825d9;;;;;;5088.0;Gilberto Corazza;Gilberto Corazza
a8779d4d-8fd1-4968-9f47-f94268ae3d0d;;;;;;87.0;Garibaldi Alves Filho;Garibaldi Alves Filho
fabc30fb-f72a-4fa2-9d9e-e9c989a18b20;;;;;;4522.0;Geovani Pinheiro Borges;Geovani Borges
b6ab955e-56a9-4f12-bb33-1fcfad14ebc2;;;;;;5024.0;Gabriel Maia Gelpke;Gabriel Maia Gelpke
969be6fb-f09a-4735-8d1a-ce460ca78a44;;;;;;5416.0;Francisco Wilson Ribeiro;Francisco Wilson Ribeiro
a472089d-cb04-4332-a463-0e5891e9dc8f;;;;;;3713.0;Maria de Fátima Bezerra;Fátima Bezerra
b3612600-4027-4431-9a83-e4241a75d5f3;;;;;;5162.0;Félix Urano Gama de Souza;Félix Urano Gama de Souza
79242066-3f52-40f3-871d-c44944e4d96e;;;;;;5034.0;Fábio Luiz Araújo Lopes de Farias;Fábio Luiz Araújo Lopes de Farias
ae453ad6-3734-49d8-a595-f423cf4289a7;;;;;;553.0;Francisco Garcia Rodrigues;Francisco Garcia
5bc12883-ed16-4284-8193-d7fb143bf815;;;;;;4873.0;José Eduardo Fleury Fernandes Costa;Fleury
8c11b7d5-83f4-4a24-a161-939637c4a033;;;;;;5054.0;Francisco Simeão Rodrigues Neto;Francisco Simeão Rodrigues Neto
a84c8c2d-fbac-4939-8bf7-ecfdf86c252b;;;;;;3634.0;Fernando de Souza Flexa Ribeiro;Flexa Ribeiro
bd5af03f-18c9-4c1d-8791-b028bcc8e28f;;;;;;5577.0;Fernando Antonio Mendes Façanha Filho;Fernando Façanha
ee0b34a4-fcfb-4125-b639-bcccbc9f429d;;;;;;2632.0;Fernando de Castro Ribeiro;Fernando Ribeiro
1a2d5bee-3a0d-427f-99b0-ef4d409d89a2;;;;;;5026.0;Fernando Carvalho Lage;Fernando Carvalho Lage
85c147ec-1971-4285-bef3-c8e0fd9fe263;;;;;;4525.0;Fernando Affonso Collor de Mello;Fernando Collor
bb7aae40-3619-41df-afe8-bbdea1744260;;;;;;5540.0;Fernando Bezerra de Souza Coelho;Fernando Bezerra Coelho
00f3caaa-3e29-40a1-a479-8d6ff582af76;;;;;;5581.0;Fadi Fayez Faraj;Fadi Faraj
c25cc8d1-68b1-4471-b37a-ff7187574ab8;;;;;;5126.0;Enivaldo Euzébio dos Anjos;Enivaldo Euzébio dos Anjos
aef469d0-9c30-4a67-8729-4a3d0a4eee69;;;;;;5148.0;Elmiro Alves do Nascimento;Elmiro Alves do Nascimento
9fdc072f-17be-4812-87f5-52ada4743c56;;;;;;5605.0;Eliane Rodrigues de Andrade Ferreira;Eliane Rodrigues
c85bf7cf-7dfe-4459-9c32-764a957e5ac9;;;;;;612.0;Eunício Lopes de Oliveira;Eunício Oliveira
6a8fa67f-e57e-4598-ad06-acac1b5bd524;;;;;;5531.0;Elmano Férrer de Almeida;Elmano Férrer
03095b04-8eb3-4949-a805-7e07714562a6;;;;;;5064.0;Emir Simão Sader;Emir Simão Sader
8a421783-f64e-4cd3-899f-5f7c9f66b67d;;;;;;5587.0;Eladio Barbosa Carneiro;Eladio Carneiro
111ff5b1-cae7-4027-af0f-bff0712942fd;;;;;;5146.0;Elaine Matozinhos Ribeiro;Elaine Matozinhos Ribeiro
f8c1d74d-3fdb-4eb4-a2f3-db6ee9d136a9;;;;;;4969.0;Elber Batalha de Goes;Elber Batalha
f3d7cfad-396a-44cc-a97f-b65b2699b240;;;;;;5160.0;Edivaldo Edilson Pantoja da Silva;Edivaldo Edilson Pantoja da Silva
15aa3075-606c-4f6d-8338-cec805a559e2;;;;;;4767.0;Eduardo Benedito Lopes;Eduardo Lopes
9d6718be-563d-4566-91a7-98c21eb57881;;;;;;4721.0;Eduardo Alves do Amorim;Eduardo Amorim
ec38a10a-bd5a-4ec2-8b19-40a4e557f28a;;;;;;4994.0;Carlos Eduardo de Souza Braga;Eduardo Braga
62380dd5-03c4-4d89-8702-0ac29e669a28;;;;;;16.0;Edison Lobão;Edison Lobão
8ac80504-47b1-4626-9c2a-8f3a5a3b45f1;;;;;;5561.0;Renilde Silva Bulhões Barros;Drª Renilde
6a5a9086-920f-4326-89a8-94c869c8f58c;;;;;;5537.0;Dário Elias Berger;Dário Berger
623a2e07-24b2-4098-b25d-936bb1a8c124;;;;;;5565.0;Francisco Helder Cavalcante Sousa;Dr. Helder Cavalcante
19356716-607b-4fff-948c-a2929e03d840;;;;;;3399.0;Demóstenes Lazaro Xavier Torres;Demóstenes Torres
0884d6a4-b499-4c3b-a42d-655056e0b43f;;;;;;3360.0;Delcídio do Amaral Gomez;Delcídio do Amaral
a0f6a1f4-f806-4a95-aa53-aba155d0317e;;;;;;5199.0;José Gonzaga Sobrinho;Deca
db9064b3-b63a-42b7-9682-5f4e45d6d9e0;;;;;;5637.0;Divino Donizeti Borges Nogueira;Donizeti Nogueira
da8f6023-85e8-4172-b688-07fb08460664;;;;;;5178.0;Douglas Mauricio Ramos Cintra;Douglas Cintra
bee487dc-5e75-4ce5-9217-8b95259e8347;;;;;;3830.0;David Samuel Alcolumbre Tobelem;Davi Alcolumbre
36898083-4c12-4b2b-9644-e2bd1c6687fa;;;;;;5132.0;Dalírio José Beber;Dalirio Beber
0d8ab346-118f-4899-ae80-12f87e7d9b38;;;;;;5197.0;Cássio Rodrigues da Cunha Lima;Cássio Cunha Lima
36612ad6-d161-4313-9f6a-c271f7c3767d;;;;;;3881.0;Clovis Antônio Chaves Fecury;Clovis Fecury
1e5eb21e-8417-40f6-a752-257a4a0663e0;;;;;;5164.0;Ataídes de Oliveira;Ataídes Oliveira
6cb94dc5-e362-424c-8668-1ec6264116ef;;;;;;3398.0;Cristovam Ricardo Cavalcanti Buarque;Cristovam Buarque
bd639a33-603c-423e-9cd6-58eaaedea23d;;;;;;5044.0;Clécio Luis Vilhena Vieira;Clécio Luis Vilhena Vieira
cb71309d-f9f2-4ead-8e02-1791bc37bea9;;;;;;1757.0;Ivandro Moura Cunha Lima;Cunha Lima
ba5dbe8b-81b6-430f-a978-8ffb9915462e;;;;;;5028.0;Armando José de Oliveira;Armando José de Oliveira
7f149e0f-1888-47c1-8b2f-d8e528513386;;;;;;715.0;Armando de Queiroz Monteiro Neto;Armando Monteiro
a0c7ac6d-bb8b-4afc-a16b-f62c8ff8384b;;;;;;5168.0;Aristavora de Souza Santos;Aristavora de Souza Santos
e5267c6b-b5b9-4638-a01c-5c3a8306b2dc;;;;;;5134.0;Antônio Marcos Gavazzoni;Antônio Marcos Gavazzoni
a4857802-9440-4506-82ca-f30aaa01c6e7;;;;;;5150.0;Antonio Carlos Rodrigues;Antonio Carlos Rodrigues
24a26a21-f542-41b3-b5b6-f75512e7cedc;;;;;;3.0;Antonio Carlos Valadares;Antonio Carlos Valadares
3674dce2-3d4b-4c68-96cd-5cda86863932;;;;;;5032.0;Antônio Milton Pessoa Falcão Filho;Antônio Milton Pessoa Falcão Filho
c6a1c366-bd2c-4687-83d7-692ddbe69451;;;;;;4988.0;Ana Amélia de Lemos;Ana Amélia
eabcaf73-2beb-4353-a023-4149ebf1d5b4;;;;;;5046.0;Andrelina Barbosa da Cunha;Andrelina Barbosa da Cunha
cbc8b45f-ae04-4539-a1ab-048c34c1507d;;;;;;5529.0;Antonio Augusto Junho Anastasia;Antonio Anastasia
ff3dce76-0bda-4eb6-a36f-370e948a9f92;;;;;;5042.0;Alzira Ferreira Barros;Alzira Ferreira Barros
8a8dc7ca-fe5e-4217-829b-d0f668ca4b96;;;;;;5607.0;Maria Alzenir Porto da Costa;Alzenir Porto
427c704b-c7c4-4c16-b2a2-be0c79218745;;;;;;945.0;Alvaro Fernandes Dias;Alvaro Dias
7cfdddbb-14d2-4ec2-aab3-9aaab1c1300f;;;;;;4610.0;Alexandre Silveira de Oliveira;Alexandre Silveira
55bc5a4a-e7f0-417b-9f47-dafd3e1f152b;;;;;;846.0;Aloysio Nunes Ferreira Filho;Aloysio Nunes Ferreira
c9d30df7-2240-43fb-bfbf-c06e82c99083;;;;;;5140.0;Airton Sandoval Santana;Airton Sandoval
e55cf36c-4bcf-48cf-abcd-826cdcab6c2d;;;;;;5625.0;Adilson Silva dos Santos;Adilson Silva dos Santos
747bf76f-e5ab-44f2-ac04-1ac812bfe4d5;;;;;;5170.0;Agimiro Dias da Costa;Agimiro Dias da Costa
ec4353b3-c339-42a3-9398-656fcd1f8a7e;;;;;;4981.0;Acir Marcos Gurgacz;Acir Gurgacz
85e8b745-786b-4782-a8a1-e3b3164a3f22;;;;;;5154.0;Abiancy Cadoso Rosa;Abiancy Cadoso Rosa
